udm6541,-79.84805471,36.13651856,uhs20_1247--udt9897,uhs20_1247
udm6542,-79.84826664,36.1364665,uhs20_1247--udt9897,uhs20_1247
udm6544,-79.84892753,36.13611225,uhs20_1247--udt9897,uhs20_1247
udm6545,-79.84928224,36.13610719,uhs20_1247--udt9897,uhs20_1247
udm6546,-79.84916194,36.13604238,uhs20_1247--udt9897,uhs20_1247
udm6553,-79.84799678,36.13439943,uhs20_1247--udt9897,uhs20_1247
udm6555,-79.84827651,36.13350962,uhs20_1247--udt9897,uhs20_1247
udm6556,-79.84827335,36.13372595,uhs20_1247--udt9897,uhs20_1247
udm6559,-79.84882139,36.13348781,uhs20_1247--udt9897,uhs20_1247
udm6560,-79.84768853,36.13647897,uhs20_1247--udt9897,uhs20_1247
udm6566,-79.8474344,36.13637736,uhs20_1247--udt9897,uhs20_1247
udm11386,-79.84655172,36.13517886,uhs20_1247--udt9897,uhs20_1247
udm11389,-79.84660477,36.13535066,uhs20_1247--udt9897,uhs20_1247
udm11393,-79.84662581,36.135432,uhs20_1247--udt9897,uhs20_1247
udm11395,-79.84665783,36.13552246,uhs20_1247--udt9897,uhs20_1247
udm11396,-79.84673192,36.1357756,uhs20_1247--udt9897,uhs20_1247
udm11398,-79.84667887,36.1356038,uhs20_1247--udt9897,uhs20_1247
udm11403,-79.84675296,36.13585694,uhs20_1247--udt9897,uhs20_1247
udm11404,-79.84680601,36.13602874,uhs20_1247--udt9897,uhs20_1247
udm20368,-79.84968091,36.12942121,uhs20_1247--udt9897,uhs20_1247
udm20369,-79.85072879,36.12919687,uhs20_1247--udt9897,uhs20_1247
udm20370,-79.85031636,36.12928307,uhs20_1247--udt9897,uhs20_1247
udm20371,-79.85105207,36.12912785,uhs20_1247--udt9897,uhs20_1247
udm20376,-79.84974597,36.13410071,uhs20_1247--udt9897,uhs20_1247
udm24304,-79.85736445,36.12680823,uhs20_1247--udt9897,uhs20_1247
udm24305,-79.85751739,36.12698999,uhs20_1247--udt9897,uhs20_1247
udm24506,-79.86003327,36.13590295,uhs20_1247--udt9897,uhs20_1247
udm24508,-79.85967217,36.13551185,uhs20_1247--udt9897,uhs20_1247
udm24621,-79.85242921,36.13376585,uhs20_1247--udt9897,uhs20_1247
udm24622,-79.85194509,36.13419394,uhs20_1247--udt9897,uhs20_1247
udm24623,-79.85249785,36.13363128,uhs20_1247--udt9897,uhs20_1247
udm24624,-79.85201229,36.13415852,uhs20_1247--udt9897,uhs20_1247
udm24625,-79.85206838,36.134123,uhs20_1247--udt9897,uhs20_1247
udm26211,-79.85000419,36.12935219,uhs20_1247--udt9897,uhs20_1247
udm26213,-79.85053618,36.12930505,uhs20_1247--udt9897,uhs20_1247
udm26905,-79.8495567,36.13107881,uhs20_1247--udt9897,uhs20_1247
udm26906,-79.85006415,36.13133611,uhs20_1247--udt9897,uhs20_1247
udm26907,-79.85005963,36.13145565,uhs20_1247--udt9897,uhs20_1247
udm27860,-79.84948817,36.1295384,uhs20_1247--udt9897,uhs20_1247
udm27861,-79.84898911,36.12961289,uhs20_1247--udt9897,uhs20_1247
udm28758,-79.85128803,36.13630057,uhs20_1247--udt9897,uhs20_1247
udm28759,-79.85103649,36.13629478,uhs20_1247--udt9897,uhs20_1247
udm28761,-79.85098014,36.13634833,uhs20_1247--udt9897,uhs20_1247
udm28764,-79.85122645,36.13622448,uhs20_1247--udt9897,uhs20_1247
udm28765,-79.85130437,36.13621621,uhs20_1247--udt9897,uhs20_1247
udm28769,-79.85354427,36.1319825,uhs20_1247--udt9897,uhs20_1247
udm28770,-79.85346441,36.13205625,uhs20_1247--udt9897,uhs20_1247
udm28771,-79.85373396,36.13193023,uhs20_1247--udt9897,uhs20_1247
udm28775,-79.85380129,36.1318858,uhs20_1247--udt9897,uhs20_1247
udm28777,-79.85383248,36.13188794,uhs20_1247--udt9897,uhs20_1247
udm28778,-79.85398182,36.1316982,uhs20_1247--udt9897,uhs20_1247
udm28779,-79.85397006,36.13174317,uhs20_1247--udt9897,uhs20_1247
udm28783,-79.85387959,36.13185048,uhs20_1247--udt9897,uhs20_1247
udm28785,-79.85402184,36.13123881,uhs20_1247--udt9897,uhs20_1247
udm28786,-79.8540306,36.13140117,uhs20_1247--udt9897,uhs20_1247
udm28787,-79.85402863,36.13153638,uhs20_1247--udt9897,uhs20_1247
udm28788,-79.8540166,36.13159937,uhs20_1247--udt9897,uhs20_1247
udm28789,-79.85400093,36.13114846,uhs20_1247--udt9897,uhs20_1247
udm28792,-79.85441911,36.13143193,uhs20_1247--udt9897,uhs20_1247
udm28794,-79.85459703,36.13142462,uhs20_1247--udt9897,uhs20_1247
udm28796,-79.85490699,36.13143899,uhs20_1247--udt9897,uhs20_1247
udm28797,-79.85423047,36.1314121,uhs20_1247--udt9897,uhs20_1247
udm28798,-79.85431924,36.13142196,uhs20_1247--udt9897,uhs20_1247
udm28801,-79.85494992,36.13142137,uhs20_1247--udt9897,uhs20_1247
udm28802,-79.85469716,36.13141656,uhs20_1247--udt9897,uhs20_1247
udm28803,-79.85479743,36.13139949,uhs20_1247--udt9897,uhs20_1247
udm28808,-79.85499111,36.13137019,uhs20_1247--udt9897,uhs20_1247
udm28816,-79.85363871,36.13083848,uhs20_1247--udt9897,uhs20_1247
udm28817,-79.85372707,36.13087538,uhs20_1247--udt9897,uhs20_1247
udm28818,-79.85380407,36.13093021,uhs20_1247--udt9897,uhs20_1247
udm28819,-79.85304695,36.13026486,uhs20_1247--udt9897,uhs20_1247
udm28820,-79.85355139,36.13072946,uhs20_1247--udt9897,uhs20_1247
udm28843,-79.85790666,36.12620036,uhs20_1247--udt9897,uhs20_1247
udm28844,-79.8575251,36.12645817,uhs20_1247--udt9897,uhs20_1247
udm28857,-79.85786761,36.12889554,uhs20_1247--udt9897,uhs20_1247
udm28858,-79.85769937,36.12900211,uhs20_1247--udt9897,uhs20_1247
udm28869,-79.8567604,36.12938081,uhs20_1247--udt9897,uhs20_1247
udm28870,-79.85696119,36.12932863,uhs20_1247--udt9897,uhs20_1247
udm28874,-79.85851695,36.12837222,uhs20_1247--udt9897,uhs20_1247
udm28881,-79.85855814,36.12832104,uhs20_1247--udt9897,uhs20_1247
udm28883,-79.8584792,36.12656643,uhs20_1247--udt9897,uhs20_1247
udm28885,-79.85820941,36.12678022,uhs20_1247--udt9897,uhs20_1247
udm30183,-79.85028165,36.13318631,uhs20_1247--udt9897,uhs20_1247
udm31014,-79.85006755,36.13719601,uhs20_1247--udt9897,uhs20_1247
udm31018,-79.85041467,36.13701904,uhs20_1247--udt9897,uhs20_1247
udm31019,-79.85052934,36.13677673,uhs20_1247--udt9897,uhs20_1247
udm31020,-79.85068662,36.13666104,uhs20_1247--udt9897,uhs20_1247
udm31022,-79.85078083,36.13659474,uhs20_1247--udt9897,uhs20_1247
udm31026,-79.85073963,36.13664591,uhs20_1247--udt9897,uhs20_1247
udm31032,-79.85090039,36.13648279,uhs20_1247--udt9897,uhs20_1247
udm31033,-79.85052124,36.1319986,uhs20_1247--udt9897,uhs20_1247
udm31035,-79.85013177,36.13162195,uhs20_1247--udt9897,uhs20_1247
udm31043,-79.85037001,36.13169965,uhs20_1247--udt9897,uhs20_1247
udm31044,-79.85026226,36.13168884,uhs20_1247--udt9897,uhs20_1247
udm31049,-79.85010082,36.13140448,uhs20_1247--udt9897,uhs20_1247
udm31051,-79.85012858,36.13148998,uhs20_1247--udt9897,uhs20_1247
udm31052,-79.85027067,36.13165362,uhs20_1247--udt9897,uhs20_1247
udm31053,-79.85065366,36.13206298,uhs20_1247--udt9897,uhs20_1247
udm31054,-79.85075393,36.13204591,uhs20_1247--udt9897,uhs20_1247
udm31056,-79.85107709,36.13198591,uhs20_1247--udt9897,uhs20_1247
udm31057,-79.85118847,36.13196894,uhs20_1247--udt9897,uhs20_1247
udm31059,-79.85086531,36.13202895,uhs20_1247--udt9897,uhs20_1247
udm31068,-79.85016103,36.13169607,uhs20_1247--udt9897,uhs20_1247
udm31070,-79.84881412,36.13123886,uhs20_1247--udt9897,uhs20_1247
udm31081,-79.84918883,36.13115641,uhs20_1247--udt9897,uhs20_1247
udm31083,-79.84877292,36.13129003,uhs20_1247--udt9897,uhs20_1247
udm31086,-79.8508962,36.13143424,uhs20_1247--udt9897,uhs20_1247
udm31091,-79.85082184,36.13119914,uhs20_1247--udt9897,uhs20_1247
udm31092,-79.85084288,36.13128048,uhs20_1247--udt9897,uhs20_1247
udm31097,-79.85076852,36.13104537,uhs20_1247--udt9897,uhs20_1247
udm31101,-79.85061354,36.13024153,uhs20_1247--udt9897,uhs20_1247
udm31110,-79.85067798,36.1303954,uhs20_1247--udt9897,uhs20_1247
udm31112,-79.85069915,36.13046773,uhs20_1247--udt9897,uhs20_1247
udm31113,-79.8507313,36.13054917,uhs20_1247--udt9897,uhs20_1247
udm31114,-79.85136334,36.13064539,uhs20_1247--udt9897,uhs20_1247
udm31115,-79.85355453,36.13051313,uhs20_1247--udt9897,uhs20_1247
udm31117,-79.85355244,36.13065735,uhs20_1247--udt9897,uhs20_1247
udm31317,-79.84711086,36.13722167,uhs20_1247--udt9897,uhs20_1247
udm31318,-79.84732282,36.1379269,uhs20_1247--udt9897,uhs20_1247
udm31600,-79.85583239,36.13053491,uhs20_1247--udt9897,uhs20_1247
udm31601,-79.85609553,36.13078083,uhs20_1247--udt9897,uhs20_1247
udm33193,-79.85284629,36.13030801,uhs20_1247--udt9897,uhs20_1247
udm34016,-79.85278916,36.1327055,uhs20_1247--udt9897,uhs20_1247
udm35488,-79.84921426,36.13702554,uhs20_1247--udt9897,uhs20_1247
udm42979,-79.85136424,36.12905872,uhs20_1247--udt9897,uhs20_1247
udm42980,-79.85183327,36.12890095,uhs20_1247--udt9897,uhs20_1247
udm42981,-79.85115246,36.12910177,uhs20_1247--udt9897,uhs20_1247
udt1633,-79.84816622,36.13649266,uhs20_1247--udt9897,uhs20_1247
udt1633lv,-79.84817376,36.13644809,uhs20_1247--udt9897,uhs20_1247
udt1634,-79.84756141,36.13435406,uhs20_1247--udt9897,uhs20_1247
udt1634lv,-79.84752038,36.13432787,uhs20_1247--udt9897,uhs20_1247
udt1635,-79.84905068,36.13605041,uhs20_1247--udt9897,uhs20_1247
udt1635lv,-79.84905822,36.13600583,uhs20_1247--udt9897,uhs20_1247
udt1636,-79.84863982,36.13450486,uhs20_1247--udt9897,uhs20_1247
udt1636lv,-79.8485884,36.13452167,uhs20_1247--udt9897,uhs20_1247
udt1637,-79.84867846,36.1364253,uhs20_1247--udt9897,uhs20_1247
udt1637lv,-79.8486693,36.13646967,uhs20_1247--udt9897,uhs20_1247
udt1638,-79.84658659,36.13109921,uhs20_1247--udt9897,uhs20_1247
udt1638lv,-79.84663561,36.13111381,uhs20_1247--udt9897,uhs20_1247
udt1640,-79.84788592,36.13438042,uhs20_1247--udt9897,uhs20_1247
udt1640lv,-79.8478345,36.13439722,uhs20_1247--udt9897,uhs20_1247
udt1641,-79.84841743,36.13350431,uhs20_1247--udt9897,uhs20_1247
udt1641lv,-79.848463,36.13353184,uhs20_1247--udt9897,uhs20_1247
udt1642,-79.84776578,36.13651586,uhs20_1247--udt9897,uhs20_1247
udt1642lv,-79.84771436,36.13653266,uhs20_1247--udt9897,uhs20_1247
udt1643,-79.84734602,36.13634053,uhs20_1247--udt9897,uhs20_1247
udt1643lv,-79.8472946,36.13635734,uhs20_1247--udt9897,uhs20_1247
udt1644,-79.84842712,36.13333162,uhs20_1247--udt9897,uhs20_1247
udt1644lv,-79.84844324,36.13329124,uhs20_1247--udt9897,uhs20_1247
udt2845,-79.8465812,36.13526417,uhs20_1247--udt9897,uhs20_1247
udt2845lv,-79.84663023,36.13527877,uhs20_1247--udt9897,uhs20_1247
udt2846,-79.8467,36.13568526,uhs20_1247--udt9897,uhs20_1247
udt2846lv,-79.8466476,36.13566619,uhs20_1247--udt9897,uhs20_1247
udt4009,-79.86266788,36.12874677,uhs20_1247--udt9897,uhs20_1247
udt4009lv,-79.8627169,36.12876136,uhs20_1247--udt9897,uhs20_1247
udt5174,-79.85998536,36.12718763,uhs20_1247--udt9897,uhs20_1247
udt5174lv,-79.85997828,36.12714583,uhs20_1247--udt9897,uhs20_1247
udt5419,-79.84958839,36.12945155,uhs20_1247--udt9897,uhs20_1247
udt5419lv,-79.8496323,36.12947899,uhs20_1247--udt9897,uhs20_1247
udt5420,-79.8506364,36.1292182,uhs20_1247--udt9897,uhs20_1247
udt5420lv,-79.85068031,36.12924564,uhs20_1247--udt9897,uhs20_1247
udt5421,-79.85229468,36.13124106,uhs20_1247--udt9897,uhs20_1247
udt5421lv,-79.85235423,36.13124124,uhs20_1247--udt9897,uhs20_1247
udt5422,-79.85157752,36.13348731,uhs20_1247--udt9897,uhs20_1247
udt5422lv,-79.85158506,36.13344273,uhs20_1247--udt9897,uhs20_1247
udt5423,-79.84932049,36.1335558,uhs20_1247--udt9897,uhs20_1247
udt5423lv,-79.84926907,36.1335726,uhs20_1247--udt9897,uhs20_1247
udt5424,-79.84982441,36.13405647,uhs20_1247--udt9897,uhs20_1247
udt5424lv,-79.84986832,36.13408392,uhs20_1247--udt9897,uhs20_1247
udt5425,-79.84943221,36.13427791,uhs20_1247--udt9897,uhs20_1247
udt5425lv,-79.8493893,36.13424944,uhs20_1247--udt9897,uhs20_1247
udt5426,-79.85140817,36.13624259,uhs20_1247--udt9897,uhs20_1247
udt5426lv,-79.85136223,36.13627336,uhs20_1247--udt9897,uhs20_1247
udt5811,-79.85159806,36.13284746,uhs20_1247--udt9897,uhs20_1247
udt5811lv,-79.85165058,36.13286617,uhs20_1247--udt9897,uhs20_1247
udt5898,-79.85799083,36.1252574,uhs20_1247--udt9897,uhs20_1247
udt5898lv,-79.85798375,36.12521561,uhs20_1247--udt9897,uhs20_1247
udt5943,-79.86121105,36.12618958,uhs20_1247--udt9897,uhs20_1247
udt5943lv,-79.86120397,36.12614779,uhs20_1247--udt9897,uhs20_1247
udt6227,-79.85229228,36.13248446,uhs20_1247--udt9897,uhs20_1247
udt6227lv,-79.85224086,36.13250127,uhs20_1247--udt9897,uhs20_1247
udt6349,-79.84927988,36.13604132,uhs20_1247--udt9897,uhs20_1247
udt6349lv,-79.8493289,36.13605592,uhs20_1247--udt9897,uhs20_1247
udt6406,-79.84974359,36.13103942,uhs20_1247--udt9897,uhs20_1247
udt6406lv,-79.84970256,36.13101323,uhs20_1247--udt9897,uhs20_1247
udt6432,-79.85157369,36.13626726,uhs20_1247--udt9897,uhs20_1247
udt6432lv,-79.85162222,36.13628387,uhs20_1247--udt9897,uhs20_1247
udt6491,-79.85569735,36.13038654,uhs20_1247--udt9897,uhs20_1247
udt6491lv,-79.85570442,36.13042834,uhs20_1247--udt9897,uhs20_1247
udt6502,-79.85740531,36.12687561,uhs20_1247--udt9897,uhs20_1247
udt6502lv,-79.85745433,36.12689021,uhs20_1247--udt9897,uhs20_1247
udt6526,-79.85019651,36.13369025,uhs20_1247--udt9897,uhs20_1247
udt6526lv,-79.85018736,36.13373463,uhs20_1247--udt9897,uhs20_1247
udt6564,-79.85990932,36.13575469,uhs20_1247--udt9897,uhs20_1247
udt6564lv,-79.8599164,36.13579648,uhs20_1247--udt9897,uhs20_1247
udt6595,-79.85222525,36.13403443,uhs20_1247--udt9897,uhs20_1247
udt6595lv,-79.85226916,36.13406187,uhs20_1247--udt9897,uhs20_1247
udt6668,-79.85789712,36.12559007,uhs20_1247--udt9897,uhs20_1247
udt6668lv,-79.85789004,36.12554828,uhs20_1247--udt9897,uhs20_1247
udt6972,-79.85224875,36.13107006,uhs20_1247--udt9897,uhs20_1247
udt6972lv,-79.85225304,36.13102765,uhs20_1247--udt9897,uhs20_1247
udt6980,-79.85522754,36.128596,uhs20_1247--udt9897,uhs20_1247
udt6980lv,-79.85526857,36.12862219,uhs20_1247--udt9897,uhs20_1247
udt6997,-79.85437417,36.13425944,uhs20_1247--udt9897,uhs20_1247
udt6997lv,-79.85438124,36.13430123,uhs20_1247--udt9897,uhs20_1247
udt7042,-79.85020484,36.12930912,uhs20_1247--udt9897,uhs20_1247
udt7042lv,-79.85015343,36.12932593,uhs20_1247--udt9897,uhs20_1247
udt7052,-79.84910718,36.13446428,uhs20_1247--udt9897,uhs20_1247
udt7052lv,-79.84911472,36.13441971,uhs20_1247--udt9897,uhs20_1247
udt7135,-79.85110893,36.13285158,uhs20_1247--udt9897,uhs20_1247
udt7135lv,-79.85106601,36.13282311,uhs20_1247--udt9897,uhs20_1247
udt7163,-79.84974001,36.13781774,uhs20_1247--udt9897,uhs20_1247
udt7163lv,-79.84973294,36.13777595,uhs20_1247--udt9897,uhs20_1247
udt7200,-79.85750952,36.1311871,uhs20_1247--udt9897,uhs20_1247
udt7200lv,-79.85746768,36.13121242,uhs20_1247--udt9897,uhs20_1247
udt7272,-79.85002933,36.13125853,uhs20_1247--udt9897,uhs20_1247
udt7272lv,-79.84998831,36.13123234,uhs20_1247--udt9897,uhs20_1247
udt7341,-79.85776053,36.12720535,uhs20_1247--udt9897,uhs20_1247
udt7341lv,-79.85777867,36.12724975,uhs20_1247--udt9897,uhs20_1247
udt7353,-79.85743862,36.13422226,uhs20_1247--udt9897,uhs20_1247
udt7353lv,-79.85743154,36.13418046,uhs20_1247--udt9897,uhs20_1247
udt7409,-79.85020629,36.13378067,uhs20_1247--udt9897,uhs20_1247
udt7409lv,-79.8502502,36.13380811,uhs20_1247--udt9897,uhs20_1247
udt7433,-79.86028848,36.13619669,uhs20_1247--udt9897,uhs20_1247
udt7433lv,-79.8602814,36.1361549,uhs20_1247--udt9897,uhs20_1247
udt7538,-79.85162483,36.13176586,uhs20_1247--udt9897,uhs20_1247
udt7538lv,-79.85166874,36.13179331,uhs20_1247--udt9897,uhs20_1247
udt7558,-79.85610353,36.13617588,uhs20_1247--udt9897,uhs20_1247
udt7558lv,-79.8560625,36.13614969,uhs20_1247--udt9897,uhs20_1247
udt7597,-79.8492879,36.12952049,uhs20_1247--udt9897,uhs20_1247
udt7597lv,-79.84933692,36.12953508,uhs20_1247--udt9897,uhs20_1247
udt7860,-79.85111495,36.13625036,uhs20_1247--udt9897,uhs20_1247
udt7860lv,-79.85110579,36.13629474,uhs20_1247--udt9897,uhs20_1247
udt7861,-79.85363355,36.13195639,uhs20_1247--udt9897,uhs20_1247
udt7861lv,-79.85364109,36.13191182,uhs20_1247--udt9897,uhs20_1247
udt7862,-79.8539328,36.13179464,uhs20_1247--udt9897,uhs20_1247
udt7862lv,-79.85394033,36.13175006,uhs20_1247--udt9897,uhs20_1247
udt7863,-79.854016,36.13132765,uhs20_1247--udt9897,uhs20_1247
udt7863lv,-79.85401242,36.13128033,uhs20_1247--udt9897,uhs20_1247
udt7864,-79.85450814,36.13142368,uhs20_1247--udt9897,uhs20_1247
udt7864lv,-79.85456017,36.13140813,uhs20_1247--udt9897,uhs20_1247
udt7865,-79.85490471,36.1313671,uhs20_1247--udt9897,uhs20_1247
udt7865lv,-79.85495418,36.13135353,uhs20_1247--udt9897,uhs20_1247
udt7866,-79.85353937,36.13079236,uhs20_1247--udt9897,uhs20_1247
udt7866lv,-79.85349645,36.13076389,uhs20_1247--udt9897,uhs20_1247
udt7873,-79.85766744,36.12633949,uhs20_1247--udt9897,uhs20_1247
udt7873lv,-79.85767452,36.12638129,uhs20_1247--udt9897,uhs20_1247
udt7877,-79.85782011,36.12892602,uhs20_1247--udt9897,uhs20_1247
udt7877lv,-79.85777908,36.12889983,uhs20_1247--udt9897,uhs20_1247
udt7878,-79.85797232,36.12883626,uhs20_1247--udt9897,uhs20_1247
udt7878lv,-79.85796524,36.12879447,uhs20_1247--udt9897,uhs20_1247
udt7879,-79.85673752,36.1283951,uhs20_1247--udt9897,uhs20_1247
udt7879lv,-79.85674459,36.1284369,uhs20_1247--udt9897,uhs20_1247
udt7880,-79.85657439,36.12944497,uhs20_1247--udt9897,uhs20_1247
udt7880lv,-79.85656731,36.12940318,uhs20_1247--udt9897,uhs20_1247
udt7881,-79.85713988,36.12926731,uhs20_1247--udt9897,uhs20_1247
udt7881lv,-79.85708846,36.12928412,uhs20_1247--udt9897,uhs20_1247
udt7882,-79.85869635,36.1281884,uhs20_1247--udt9897,uhs20_1247
udt7882lv,-79.85870343,36.1282302,uhs20_1247--udt9897,uhs20_1247
udt7883,-79.85841115,36.12846181,uhs20_1247--udt9897,uhs20_1247
udt7883lv,-79.85840407,36.12842001,uhs20_1247--udt9897,uhs20_1247
udt7884,-79.85834443,36.12666439,uhs20_1247--udt9897,uhs20_1247
udt7884lv,-79.85835196,36.12661982,uhs20_1247--udt9897,uhs20_1247
udt7890,-79.84861848,36.13806946,uhs20_1247--udt9897,uhs20_1247
udt7890lv,-79.84857745,36.13804327,uhs20_1247--udt9897,uhs20_1247
udt7998,-79.85177388,36.13145176,uhs20_1247--udt9897,uhs20_1247
udt7998lv,-79.85172246,36.13146857,uhs20_1247--udt9897,uhs20_1247
udt8046,-79.85224894,36.13070285,uhs20_1247--udt9897,uhs20_1247
udt8046lv,-79.85229796,36.13071744,uhs20_1247--udt9897,uhs20_1247
udt8121,-79.8550451,36.13373963,uhs20_1247--udt9897,uhs20_1247
udt8121lv,-79.85503803,36.13369783,uhs20_1247--udt9897,uhs20_1247
udt8199,-79.85045076,36.13683015,uhs20_1247--udt9897,uhs20_1247
udt8199lv,-79.85049467,36.13685759,uhs20_1247--udt9897,uhs20_1247
udt8310,-79.85093465,36.13641992,uhs20_1247--udt9897,uhs20_1247
udt8310lv,-79.8509255,36.1364643,uhs20_1247--udt9897,uhs20_1247
udt8348,-79.85727219,36.12960489,uhs20_1247--udt9897,uhs20_1247
udt8348lv,-79.85726511,36.1295631,uhs20_1247--udt9897,uhs20_1247
udt8363,-79.8502033,36.13323075,uhs20_1247--udt9897,uhs20_1247
udt8363lv,-79.85017969,36.13327317,uhs20_1247--udt9897,uhs20_1247
udt8393,-79.85844721,36.12877493,uhs20_1247--udt9897,uhs20_1247
udt8393lv,-79.85845475,36.12873036,uhs20_1247--udt9897,uhs20_1247
udt8395,-79.85273066,36.12882558,uhs20_1247--udt9897,uhs20_1247
udt8395lv,-79.85273774,36.12886737,uhs20_1247--udt9897,uhs20_1247
udt8646,-79.8504141,36.13687991,uhs20_1247--udt9897,uhs20_1247
udt8646lv,-79.85037225,36.13690523,uhs20_1247--udt9897,uhs20_1247
udt8647,-79.85060804,36.13671446,uhs20_1247--udt9897,uhs20_1247
udt8647lv,-79.85055662,36.13673127,uhs20_1247--udt9897,uhs20_1247
udt8648,-79.85085501,36.13654554,uhs20_1247--udt9897,uhs20_1247
udt8648lv,-79.85080359,36.13656235,uhs20_1247--udt9897,uhs20_1247
udt8649,-79.85050021,36.13191717,uhs20_1247--udt9897,uhs20_1247
udt8649lv,-79.85045729,36.1318887,uhs20_1247--udt9897,uhs20_1247
udt8650,-79.85059582,36.13206249,uhs20_1247--udt9897,uhs20_1247
udt8650lv,-79.85064746,36.13204358,uhs20_1247--udt9897,uhs20_1247
udt8651,-79.85016073,36.13157151,uhs20_1247--udt9897,uhs20_1247
udt8651lv,-79.85020464,36.13159895,uhs20_1247--udt9897,uhs20_1247
udt8652,-79.85097415,36.13200807,uhs20_1247--udt9897,uhs20_1247
udt8652lv,-79.85102361,36.13199451,uhs20_1247--udt9897,uhs20_1247
udt8653,-79.85044551,36.13211492,uhs20_1247--udt9897,uhs20_1247
udt8653lv,-79.8503935,36.13212109,uhs20_1247--udt9897,uhs20_1247
udt8654,-79.84895591,36.13120163,uhs20_1247--udt9897,uhs20_1247
udt8654lv,-79.84892624,36.13124063,uhs20_1247--udt9897,uhs20_1247
udt8655,-79.85022144,36.13161569,uhs20_1247--udt9897,uhs20_1247
udt8655lv,-79.85017852,36.13158722,uhs20_1247--udt9897,uhs20_1247
udt8656,-79.84906404,36.13119533,uhs20_1247--udt9897,uhs20_1247
udt8656lv,-79.84911641,36.13119557,uhs20_1247--udt9897,uhs20_1247
udt8657,-79.85086139,36.13135666,uhs20_1247--udt9897,uhs20_1247
udt8657lv,-79.85082036,36.13133048,uhs20_1247--udt9897,uhs20_1247
udt8658,-79.85080066,36.13112689,uhs20_1247--udt9897,uhs20_1247
udt8658lv,-79.85084457,36.13115434,uhs20_1247--udt9897,uhs20_1247
udt8659,-79.85065959,36.13035399,uhs20_1247--udt9897,uhs20_1247
udt8659lv,-79.85071334,36.13037108,uhs20_1247--udt9897,uhs20_1247
udt8660,-79.85355348,36.13058532,uhs20_1247--udt9897,uhs20_1247
udt8660lv,-79.85350206,36.13060213,uhs20_1247--udt9897,uhs20_1247
udt8661,-79.85124583,36.13612194,uhs20_1247--udt9897,uhs20_1247
udt8661lv,-79.85120016,36.13610104,uhs20_1247--udt9897,uhs20_1247
udt8689,-79.84883959,36.13452464,uhs20_1247--udt9897,uhs20_1247
udt8689lv,-79.84883044,36.13456902,uhs20_1247--udt9897,uhs20_1247
udt8717,-79.84852898,36.1344856,uhs20_1247--udt9897,uhs20_1247
udt8717lv,-79.84848606,36.13445713,uhs20_1247--udt9897,uhs20_1247
udt8753,-79.84720612,36.13754722,uhs20_1247--udt9897,uhs20_1247
udt8753lv,-79.84725003,36.13757466,uhs20_1247--udt9897,uhs20_1247
udt8777,-79.8558044,36.13196187,uhs20_1247--udt9897,uhs20_1247
udt8777lv,-79.85579733,36.13192008,uhs20_1247--udt9897,uhs20_1247
udt8798,-79.85231143,36.13709644,uhs20_1247--udt9897,uhs20_1247
udt8798lv,-79.8523609,36.13708288,uhs20_1247--udt9897,uhs20_1247
udt8820,-79.85346213,36.13198436,uhs20_1247--udt9897,uhs20_1247
udt8820lv,-79.8535116,36.13197079,uhs20_1247--udt9897,uhs20_1247
udt8873,-79.85596049,36.13063246,uhs20_1247--udt9897,uhs20_1247
udt8873lv,-79.85596757,36.13067426,uhs20_1247--udt9897,uhs20_1247
udt8878,-79.85765549,36.12710175,uhs20_1247--udt9897,uhs20_1247
udt8878lv,-79.85761193,36.12707769,uhs20_1247--udt9897,uhs20_1247
udt8914,-79.85468308,36.12982692,uhs20_1247--udt9897,uhs20_1247
udt8914lv,-79.85469016,36.12986871,uhs20_1247--udt9897,uhs20_1247
udt8927,-79.84922075,36.13353681,uhs20_1247--udt9897,uhs20_1247
udt8927lv,-79.84916933,36.13355361,uhs20_1247--udt9897,uhs20_1247
udt8948,-79.86015101,36.1360354,uhs20_1247--udt9897,uhs20_1247
udt8948lv,-79.86010916,36.13606072,uhs20_1247--udt9897,uhs20_1247
udt8962,-79.85144865,36.13317956,uhs20_1247--udt9897,uhs20_1247
udt8962lv,-79.85145619,36.13313498,uhs20_1247--udt9897,uhs20_1247
udt9283,-79.86166082,36.12582424,uhs20_1247--udt9897,uhs20_1247
udt9283lv,-79.86165374,36.12578244,uhs20_1247--udt9897,uhs20_1247
udt9290,-79.85210405,36.13243741,uhs20_1247--udt9897,uhs20_1247
udt9290lv,-79.85215608,36.13242186,uhs20_1247--udt9897,uhs20_1247
udt9310,-79.84834615,36.13693093,uhs20_1247--udt9897,uhs20_1247
udt9310lv,-79.84839517,36.13694553,uhs20_1247--udt9897,uhs20_1247
udt9365,-79.85228388,36.13077149,uhs20_1247--udt9897,uhs20_1247
udt9365lv,-79.85229142,36.13072692,uhs20_1247--udt9897,uhs20_1247
udt9385,-79.85808468,36.12491572,uhs20_1247--udt9897,uhs20_1247
udt9385lv,-79.8580776,36.12487393,uhs20_1247--udt9897,uhs20_1247
udt9405,-79.85019439,36.13383464,uhs20_1247--udt9897,uhs20_1247
udt9405lv,-79.85014297,36.13385145,uhs20_1247--udt9897,uhs20_1247
udt9502,-79.8610587,36.12628959,uhs20_1247--udt9897,uhs20_1247
udt9502lv,-79.86101686,36.12631491,uhs20_1247--udt9897,uhs20_1247
udt9540,-79.85263805,36.13037196,uhs20_1247--udt9897,uhs20_1247
udt9540lv,-79.85263097,36.13033016,uhs20_1247--udt9897,uhs20_1247
udt9726,-79.85281035,36.13277774,uhs20_1247--udt9897,uhs20_1247
udt9726lv,-79.85276743,36.13274927,uhs20_1247--udt9897,uhs20_1247
udt9831,-79.85234907,36.13392726,uhs20_1247--udt9897,uhs20_1247
udt9831lv,-79.8524011,36.13391172,uhs20_1247--udt9897,uhs20_1247
udt9876,-79.85402935,36.13683723,uhs20_1247--udt9897,uhs20_1247
udt9876lv,-79.85398643,36.13680876,uhs20_1247--udt9897,uhs20_1247
udt9897,-79.86111653,36.12939538,uhs20_1247--udt9897,uhs20_1247
udt9897lv,-79.86106414,36.12937632,uhs20_1247--udt9897,uhs20_1247
udt9902,-79.86178611,36.12703974,uhs20_1247--udt9897,uhs20_1247
udt9902lv,-79.86173664,36.12705331,uhs20_1247--udt9897,uhs20_1247
udt9976,-79.85955544,36.13539638,uhs20_1247--udt9897,uhs20_1247
udt9976lv,-79.85954835,36.13535458,uhs20_1247--udt9897,uhs20_1247
udt10230,-79.84840949,36.13809953,uhs20_1247--udt9897,uhs20_1247
udt10230lv,-79.84840033,36.13814391,uhs20_1247--udt9897,uhs20_1247
udt10260,-79.85180204,36.13256991,uhs20_1247--udt9897,uhs20_1247
udt10260lv,-79.85175063,36.13258672,uhs20_1247--udt9897,uhs20_1247
udt10281,-79.84910073,36.13701154,uhs20_1247--udt9897,uhs20_1247
udt10281lv,-79.84905888,36.13703686,uhs20_1247--udt9897,uhs20_1247
udt10303,-79.85356416,36.13043597,uhs20_1247--udt9897,uhs20_1247
udt10303lv,-79.85361318,36.13045057,uhs20_1247--udt9897,uhs20_1247
udt10325,-79.85064207,36.13022318,uhs20_1247--udt9897,uhs20_1247
udt10325lv,-79.85064973,36.13018108,uhs20_1247--udt9897,uhs20_1247
udt10334,-79.85166725,36.13401609,uhs20_1247--udt9897,uhs20_1247
udt10334lv,-79.85171672,36.13400253,uhs20_1247--udt9897,uhs20_1247
udt10341,-79.85954229,36.12912777,uhs20_1247--udt9897,uhs20_1247
udt10341lv,-79.85959432,36.12911222,uhs20_1247--udt9897,uhs20_1247
udt10363,-79.85169542,36.13378594,uhs20_1247--udt9897,uhs20_1247
udt10363lv,-79.851644,36.13380275,uhs20_1247--udt9897,uhs20_1247
udt10385,-79.85823657,36.12617363,uhs20_1247--udt9897,uhs20_1247
udt10385lv,-79.85824365,36.12621543,uhs20_1247--udt9897,uhs20_1247
udt10578,-79.85891417,36.1349007,uhs20_1247--udt9897,uhs20_1247
udt10578lv,-79.85895808,36.13492814,uhs20_1247--udt9897,uhs20_1247
udt10623,-79.85522579,36.13277673,uhs20_1247--udt9897,uhs20_1247
udt10623lv,-79.85521872,36.13273493,uhs20_1247--udt9897,uhs20_1247
udt10669,-79.85167749,36.13394002,uhs20_1247--udt9897,uhs20_1247
udt10669lv,-79.85162036,36.13394186,uhs20_1247--udt9897,uhs20_1247
udt10709,-79.85170826,36.13214508,uhs20_1247--udt9897,uhs20_1247
udt10709lv,-79.85167715,36.13210598,uhs20_1247--udt9897,uhs20_1247
udt10720,-79.85317182,36.13696445,uhs20_1247--udt9897,uhs20_1247
udt10720lv,-79.85314821,36.13700688,uhs20_1247--udt9897,uhs20_1247
udt10738,-79.85412961,36.13682033,uhs20_1247--udt9897,uhs20_1247
udt10738lv,-79.85413715,36.13677575,uhs20_1247--udt9897,uhs20_1247
udt10816,-79.85579889,36.1296009,uhs20_1247--udt9897,uhs20_1247
udt10816lv,-79.85575786,36.12957471,uhs20_1247--udt9897,uhs20_1247
udt13103,-79.85677189,36.13138847,uhs20_1247--udt9897,uhs20_1247
udt13103lv,-79.85677897,36.13143027,uhs20_1247--udt9897,uhs20_1247
udt13107,-79.85146462,36.12903272,uhs20_1247--udt9897,uhs20_1247
udt13107lv,-79.85150853,36.12906017,uhs20_1247--udt9897,uhs20_1247
udt13113,-79.85345054,36.13588225,uhs20_1247--udt9897,uhs20_1247
udt13113lv,-79.85344878,36.13592455,uhs20_1247--udt9897,uhs20_1247
udt13124,-79.85084031,36.1291708,uhs20_1247--udt9897,uhs20_1247
udt13124lv,-79.85079739,36.12914233,uhs20_1247--udt9897,uhs20_1247
udt13617,-79.84679656,36.13238033,uhs20_1247--udt9897,uhs20_1247
udt13617lv,-79.84678949,36.13233853,uhs20_1247--udt9897,uhs20_1247
udt13634,-79.86150835,36.12593203,uhs20_1247--udt9897,uhs20_1247
udt13634lv,-79.86155737,36.12594662,uhs20_1247--udt9897,uhs20_1247
udt13637,-79.85362901,36.13429738,uhs20_1247--udt9897,uhs20_1247
udt13637lv,-79.85363608,36.13433918,uhs20_1247--udt9897,uhs20_1247
udt14069,-79.85919405,36.13611521,uhs20_1247--udt9897,uhs20_1247
udt14069lv,-79.85915302,36.13608902,uhs20_1247--udt9897,uhs20_1247
udt14083,-79.85239664,36.13551855,uhs20_1247--udt9897,uhs20_1247
udt14083lv,-79.85234449,36.13551711,uhs20_1247--udt9897,uhs20_1247
udt14097,-79.85170166,36.12898424,uhs20_1247--udt9897,uhs20_1247
udt14097lv,-79.85175382,36.12898425,uhs20_1247--udt9897,uhs20_1247
udt14464,-79.8464213,36.134715,uhs20_1247--udt9897,uhs20_1247
udt14464lv,-79.84642838,36.13475679,uhs20_1247--udt9897,uhs20_1247
udt14491,-79.85399718,36.12987736,uhs20_1247--udt9897,uhs20_1247
udt14491lv,-79.85400472,36.12983279,uhs20_1247--udt9897,uhs20_1247
udt14506,-79.85265905,36.13324525,uhs20_1247--udt9897,uhs20_1247
udt14506lv,-79.85266659,36.13320067,uhs20_1247--udt9897,uhs20_1247
udt14836,-79.85854237,36.13498439,uhs20_1247--udt9897,uhs20_1247
udt14836lv,-79.85854945,36.13502619,uhs20_1247--udt9897,uhs20_1247
p1ulv3506,-79.84805287,36.13664475,uhs20_1247--udt9897,uhs20_1247
p1ulv3507,-79.84750456,36.13462008,uhs20_1247--udt9897,uhs20_1247
p1ulv3508,-79.84858713,36.13582951,uhs20_1247--udt9897,uhs20_1247
p1ulv3509,-79.84850174,36.134828,uhs20_1247--udt9897,uhs20_1247
p1ulv3510,-79.84864669,36.1363169,uhs20_1247--udt9897,uhs20_1247
p1ulv3511,-79.84636676,36.13111123,uhs20_1247--udt9897,uhs20_1247
p1ulv3513,-79.84797234,36.13428818,uhs20_1247--udt9897,uhs20_1247
p1ulv3514,-79.84809911,36.13348087,uhs20_1247--udt9897,uhs20_1247
p1ulv3515,-79.84770123,36.13637091,uhs20_1247--udt9897,uhs20_1247
p1ulv3516,-79.84738095,36.1362326,uhs20_1247--udt9897,uhs20_1247
p1ulv3517,-79.84842878,36.13373646,uhs20_1247--udt9897,uhs20_1247
p1ulv3518,-79.84799788,36.13280376,uhs20_1247--udt9897,uhs20_1247
p1ulv3519,-79.84813548,36.13327387,uhs20_1247--udt9897,uhs20_1247
p1ulv3520,-79.84845733,36.13330401,uhs20_1247--udt9897,uhs20_1247
p1ulv6250,-79.84690797,36.13513721,uhs20_1247--udt9897,uhs20_1247
p1ulv6251,-79.84686273,36.13519087,uhs20_1247--udt9897,uhs20_1247
p1ulv6252,-79.84680624,36.13525343,uhs20_1247--udt9897,uhs20_1247
p1ulv6253,-79.84676114,36.13529807,uhs20_1247--udt9897,uhs20_1247
p1ulv6254,-79.8472072,36.13519419,uhs20_1247--udt9897,uhs20_1247
p1ulv6255,-79.84730721,36.13519515,uhs20_1247--udt9897,uhs20_1247
p1ulv6256,-79.84747416,36.13517872,uhs20_1247--udt9897,uhs20_1247
p1ulv6257,-79.84752893,36.13523334,uhs20_1247--udt9897,uhs20_1247
p1ulv6258,-79.84759481,36.13528807,uhs20_1247--udt9897,uhs20_1247
p1ulv6259,-79.84764971,36.13533367,uhs20_1247--udt9897,uhs20_1247
p1ulv6260,-79.84763491,36.13558595,uhs20_1247--udt9897,uhs20_1247
p1ulv6261,-79.84763596,36.13551384,uhs20_1247--udt9897,uhs20_1247
p1ulv6262,-79.84723566,36.13552802,uhs20_1247--udt9897,uhs20_1247
p1ulv6263,-79.84731345,36.13552877,uhs20_1247--udt9897,uhs20_1247
p1ulv6264,-79.84685613,36.13564157,uhs20_1247--udt9897,uhs20_1247
p1ulv6265,-79.84689979,36.13569608,uhs20_1247--udt9897,uhs20_1247
p1ulv6266,-79.8469322,36.13575949,uhs20_1247--udt9897,uhs20_1247
p1ulv6267,-79.84697573,36.13582302,uhs20_1247--udt9897,uhs20_1247
p1ulv6268,-79.847196,36.13596037,uhs20_1247--udt9897,uhs20_1247
p1ulv6269,-79.84729601,36.13596133,uhs20_1247--udt9897,uhs20_1247
p1ulv6270,-79.84775411,36.13579445,uhs20_1247--udt9897,uhs20_1247
p1ulv6271,-79.84769776,36.135848,uhs20_1247--udt9897,uhs20_1247
p1ulv6272,-79.84764141,36.13590155,uhs20_1247--udt9897,uhs20_1247
p1ulv6273,-79.84757381,36.135964,uhs20_1247--udt9897,uhs20_1247
p1ulv8837,-79.86257775,36.12901248,uhs20_1247--udt9897,uhs20_1247
p1ulv11284,-79.86026719,36.12741286,uhs20_1247--udt9897,uhs20_1247
p1ulv11950,-79.84950497,36.1292933,uhs20_1247--udt9897,uhs20_1247
p1ulv11951,-79.85065285,36.12906993,uhs20_1247--udt9897,uhs20_1247
p1ulv11952,-79.85025206,36.12912017,uhs20_1247--udt9897,uhs20_1247
p1ulv11953,-79.85244321,36.13127779,uhs20_1247--udt9897,uhs20_1247
p1ulv11954,-79.85166682,36.13346104,uhs20_1247--udt9897,uhs20_1247
p1ulv11955,-79.84932234,36.13342952,uhs20_1247--udt9897,uhs20_1247
p1ulv11956,-79.85014035,36.13449215,uhs20_1247--udt9897,uhs20_1247
p1ulv11957,-79.84938934,36.13416941,uhs20_1247--udt9897,uhs20_1247
p1ulv11958,-79.85245694,36.13567733,uhs20_1247--udt9897,uhs20_1247
p1ulv12937,-79.85167483,36.13291119,uhs20_1247--udt9897,uhs20_1247
p1ulv13040,-79.857932,36.12521795,uhs20_1247--udt9897,uhs20_1247
p1ulv13099,-79.86140175,36.12630293,uhs20_1247--udt9897,uhs20_1247
p1ulv13413,-79.84774916,36.13662998,uhs20_1247--udt9897,uhs20_1247
p1ulv13461,-79.85231569,36.13240347,uhs20_1247--udt9897,uhs20_1247
p1ulv13621,-79.84958184,36.13620869,uhs20_1247--udt9897,uhs20_1247
p1ulv13711,-79.84957478,36.13060118,uhs20_1247--udt9897,uhs20_1247
p1ulv13743,-79.85212786,36.13614297,uhs20_1247--udt9897,uhs20_1247
p1ulv13832,-79.85580442,36.13016502,uhs20_1247--udt9897,uhs20_1247
p1ulv13849,-79.85726458,36.12679826,uhs20_1247--udt9897,uhs20_1247
p1ulv13879,-79.85074269,36.13357839,uhs20_1247--udt9897,uhs20_1247
p1ulv13931,-79.86035891,36.13567165,uhs20_1247--udt9897,uhs20_1247
p1ulv13981,-79.85230711,36.13375566,uhs20_1247--udt9897,uhs20_1247
p1ulv14085,-79.85783828,36.12555062,uhs20_1247--udt9897,uhs20_1247
p1ulv14661,-79.85236517,36.13129507,uhs20_1247--udt9897,uhs20_1247
p1ulv14678,-79.85531759,36.12863678,uhs20_1247--udt9897,uhs20_1247
p1ulv14707,-79.8542544,36.13511757,uhs20_1247--udt9897,uhs20_1247
p1ulv14787,-79.84994343,36.1292102,uhs20_1247--udt9897,uhs20_1247
p1ulv14805,-79.84915333,36.13461172,uhs20_1247--udt9897,uhs20_1247
p1ulv14944,-79.85112554,36.13273747,uhs20_1247--udt9897,uhs20_1247
p1ulv14988,-79.84964981,36.13764276,uhs20_1247--udt9897,uhs20_1247
p1ulv15042,-79.85792437,36.13111382,uhs20_1247--udt9897,uhs20_1247
p1ulv15178,-79.84950443,36.13085293,uhs20_1247--udt9897,uhs20_1247
p1ulv15304,-79.85758916,36.12740537,uhs20_1247--udt9897,uhs20_1247
p1ulv15330,-79.85745927,36.13406636,uhs20_1247--udt9897,uhs20_1247
p1ulv15448,-79.85006197,36.13377019,uhs20_1247--udt9897,uhs20_1247
p1ulv15498,-79.8608795,36.1357938,uhs20_1247--udt9897,uhs20_1247
p1ulv15691,-79.85173596,36.13176685,uhs20_1247--udt9897,uhs20_1247
p1ulv15734,-79.85595206,36.13607138,uhs20_1247--udt9897,uhs20_1247
p1ulv15817,-79.8497103,36.12969194,uhs20_1247--udt9897,uhs20_1247
p1ulv16261,-79.8514823,36.1362089,uhs20_1247--udt9897,uhs20_1247
p1ulv16262,-79.85367617,36.13208293,uhs20_1247--udt9897,uhs20_1247
p1ulv16263,-79.85359446,36.13208833,uhs20_1247--udt9897,uhs20_1247
p1ulv16264,-79.85349747,36.13214433,uhs20_1247--udt9897,uhs20_1247
p1ulv16266,-79.85381017,36.13203914,uhs20_1247--udt9897,uhs20_1247
p1ulv16268,-79.85418144,36.13172716,uhs20_1247--udt9897,uhs20_1247
p1ulv16269,-79.85414745,36.13177191,uhs20_1247--udt9897,uhs20_1247
p1ulv16270,-79.85412457,36.13181677,uhs20_1247--udt9897,uhs20_1247
p1ulv16272,-79.85409071,36.13185251,uhs20_1247--udt9897,uhs20_1247
p1ulv16273,-79.85405659,36.13190627,uhs20_1247--udt9897,uhs20_1247
p1ulv16274,-79.85403371,36.13195113,uhs20_1247--udt9897,uhs20_1247
p1ulv16275,-79.85399972,36.13199588,uhs20_1247--udt9897,uhs20_1247
p1ulv16276,-79.85356846,36.13184751,uhs20_1247--udt9897,uhs20_1247
p1ulv16277,-79.85349029,36.1318738,uhs20_1247--udt9897,uhs20_1247
p1ulv16278,-79.85341211,36.1319001,uhs20_1247--udt9897,uhs20_1247
p1ulv16279,-79.85369135,36.13180361,uhs20_1247--udt9897,uhs20_1247
p1ulv16280,-79.85373606,36.131786,uhs20_1247--udt9897,uhs20_1247
p1ulv16281,-79.85381423,36.13175971,uhs20_1247--udt9897,uhs20_1247
p1ulv16282,-79.85382157,36.13125493,uhs20_1247--udt9897,uhs20_1247
p1ulv16284,-79.8538634,36.13143563,uhs20_1247--udt9897,uhs20_1247
p1ulv16285,-79.8538847,36.13149894,uhs20_1247--udt9897,uhs20_1247
p1ulv16286,-79.85390942,36.13159216,uhs20_1247--udt9897,uhs20_1247
p1ulv16287,-79.85442786,36.13159429,uhs20_1247--udt9897,uhs20_1247
p1ulv16288,-79.85449466,36.13158591,uhs20_1247--udt9897,uhs20_1247
p1ulv16289,-79.854565,36.13159844,uhs20_1247--udt9897,uhs20_1247
p1ulv16290,-79.85462827,36.13156916,uhs20_1247--udt9897,uhs20_1247
p1ulv16292,-79.85470618,36.13156089,uhs20_1247--udt9897,uhs20_1247
p1ulv16293,-79.85485076,36.13155326,uhs20_1247--udt9897,uhs20_1247
p1ulv16294,-79.85491756,36.13154488,uhs20_1247--udt9897,uhs20_1247
p1ulv16295,-79.85410094,36.13114942,uhs20_1247--udt9897,uhs20_1247
p1ulv16296,-79.85415597,36.13118601,uhs20_1247--udt9897,uhs20_1247
p1ulv16297,-79.85418878,36.13122238,uhs20_1247--udt9897,uhs20_1247
p1ulv16298,-79.85427662,36.13129534,uhs20_1247--udt9897,uhs20_1247
p1ulv16299,-79.85432055,36.13133182,uhs20_1247--udt9897,uhs20_1247
p1ulv16300,-79.85437545,36.13137742,uhs20_1247--udt9897,uhs20_1247
p1ulv16301,-79.85486633,36.13124689,uhs20_1247--udt9897,uhs20_1247
p1ulv16302,-79.85479952,36.13125527,uhs20_1247--udt9897,uhs20_1247
p1ulv16303,-79.85473259,36.13127266,uhs20_1247--udt9897,uhs20_1247
p1ulv16304,-79.8546769,36.13128114,uhs20_1247--udt9897,uhs20_1247
p1ulv16306,-79.85455074,36.13128611,uhs20_1247--udt9897,uhs20_1247
p1ulv16307,-79.85512019,36.13136651,uhs20_1247--udt9897,uhs20_1247
p1ulv16308,-79.85509731,36.13141137,uhs20_1247--udt9897,uhs20_1247
p1ulv16310,-79.85506332,36.13145612,uhs20_1247--udt9897,uhs20_1247
p1ulv16311,-79.85504044,36.13150098,uhs20_1247--udt9897,uhs20_1247
p1ulv16312,-79.85500645,36.13154573,uhs20_1247--udt9897,uhs20_1247
p1ulv16313,-79.85331621,36.13085342,uhs20_1247--udt9897,uhs20_1247
p1ulv16314,-79.85337151,36.13087198,uhs20_1247--udt9897,uhs20_1247
p1ulv16315,-79.85343778,36.13089966,uhs20_1247--udt9897,uhs20_1247
p1ulv16316,-79.85348183,36.13092713,uhs20_1247--udt9897,uhs20_1247
p1ulv16317,-79.85353713,36.13094569,uhs20_1247--udt9897,uhs20_1247
p1ulv16319,-79.85363648,36.13099171,uhs20_1247--udt9897,uhs20_1247
p1ulv16320,-79.85370275,36.13101939,uhs20_1247--udt9897,uhs20_1247
p1ulv16349,-79.85762745,36.12629687,uhs20_1247--udt9897,uhs20_1247
p1ulv16350,-79.85784077,36.12614564,uhs20_1247--udt9897,uhs20_1247
p1ulv16363,-79.85737413,36.12844007,uhs20_1247--udt9897,uhs20_1247
p1ulv16364,-79.85732747,36.12859288,uhs20_1247--udt9897,uhs20_1247
p1ulv16365,-79.85735374,36.12831366,uhs20_1247--udt9897,uhs20_1247
p1ulv16366,-79.85658537,36.12842353,uhs20_1247--udt9897,uhs20_1247
p1ulv16367,-79.8566855,36.12841547,uhs20_1247--udt9897,uhs20_1247
p1ulv16368,-79.85677439,36.12841632,uhs20_1247--udt9897,uhs20_1247
p1ulv16369,-79.85688563,36.12840836,uhs20_1247--udt9897,uhs20_1247
p1ulv16370,-79.85627961,36.12881728,uhs20_1247--udt9897,uhs20_1247
p1ulv16371,-79.85625673,36.12859786,uhs20_1247--udt9897,uhs20_1247
p1ulv16372,-79.85626144,36.12853763,uhs20_1247--udt9897,uhs20_1247
p1ulv16373,-79.85624823,36.12841747,uhs20_1247--udt9897,uhs20_1247
p1ulv16374,-79.8569353,36.12881452,uhs20_1247--udt9897,uhs20_1247
p1ulv16375,-79.85661399,36.12874835,uhs20_1247--udt9897,uhs20_1247
p1ulv16376,-79.85671413,36.12874029,uhs20_1247--udt9897,uhs20_1247
p1ulv16377,-79.85680302,36.12874114,uhs20_1247--udt9897,uhs20_1247
p1ulv16378,-79.85692537,36.12873329,uhs20_1247--udt9897,uhs20_1247
p1ulv16379,-79.85842511,36.12799933,uhs20_1247--udt9897,uhs20_1247
p1ulv16380,-79.85832472,36.12802542,uhs20_1247--udt9897,uhs20_1247
p1ulv16381,-79.85821335,36.12804239,uhs20_1247--udt9897,uhs20_1247
p1ulv16382,-79.85807962,36.12806816,uhs20_1247--udt9897,uhs20_1247
p1ulv16383,-79.85795688,36.12810305,uhs20_1247--udt9897,uhs20_1247
p1ulv16384,-79.85818145,36.12794292,uhs20_1247--udt9897,uhs20_1247
p1ulv16385,-79.85804773,36.12796869,uhs20_1247--udt9897,uhs20_1247
p1ulv16386,-79.85792511,36.12799456,uhs20_1247--udt9897,uhs20_1247
p1ulv16387,-79.85824825,36.12793454,uhs20_1247--udt9897,uhs20_1247
p1ulv16388,-79.85839322,36.12789986,uhs20_1247--udt9897,uhs20_1247
p1ulv16389,-79.85854495,36.12663016,uhs20_1247--udt9897,uhs20_1247
p1ulv16390,-79.85843254,36.12671924,uhs20_1247--udt9897,uhs20_1247
p1ulv16434,-79.84857972,36.13785785,uhs20_1247--udt9897,uhs20_1247
p1ulv16654,-79.85155638,36.13138932,uhs20_1247--udt9897,uhs20_1247
p1ulv16759,-79.85205107,36.13073312,uhs20_1247--udt9897,uhs20_1247
p1ulv16804,-79.84985564,36.13420093,uhs20_1247--udt9897,uhs20_1247
p1ulv16909,-79.85511883,36.13375553,uhs20_1247--udt9897,uhs20_1247
p1ulv17094,-79.85009898,36.13656525,uhs20_1247--udt9897,uhs20_1247
p1ulv17330,-79.85036101,36.13612602,uhs20_1247--udt9897,uhs20_1247
p1ulv17410,-79.85717989,36.12957413,uhs20_1247--udt9897,uhs20_1247
p1ulv17454,-79.85040191,36.13332269,uhs20_1247--udt9897,uhs20_1247
p1ulv17530,-79.85837912,36.12887337,uhs20_1247--udt9897,uhs20_1247
p1ulv17532,-79.85349763,36.12831287,uhs20_1247--udt9897,uhs20_1247
p1ulv17957,-79.8500158,36.13693407,uhs20_1247--udt9897,uhs20_1247
p1ulv17958,-79.8501468,36.13683333,uhs20_1247--udt9897,uhs20_1247
p1ulv17959,-79.85021662,36.13688191,uhs20_1247--udt9897,uhs20_1247
p1ulv17960,-79.85030499,36.13691882,uhs20_1247--udt9897,uhs20_1247
p1ulv17961,-79.85075862,36.1370584,uhs20_1247--udt9897,uhs20_1247
p1ulv17963,-79.85077145,36.13694133,uhs20_1247--udt9897,uhs20_1247
p1ulv17964,-79.85088612,36.13669902,uhs20_1247--udt9897,uhs20_1247
p1ulv17966,-79.85078152,36.13674927,uhs20_1247--udt9897,uhs20_1247
p1ulv17967,-79.85072884,36.1368147,uhs20_1247--udt9897,uhs20_1247
p1ulv17968,-79.85071108,36.13650802,uhs20_1247--udt9897,uhs20_1247
p1ulv17969,-79.85065513,36.13653453,uhs20_1247--udt9897,uhs20_1247
p1ulv17970,-79.85059917,36.13656103,uhs20_1247--udt9897,uhs20_1247
p1ulv17971,-79.85054308,36.13659656,uhs20_1247--udt9897,uhs20_1247
p1ulv17972,-79.85048713,36.13662307,uhs20_1247--udt9897,uhs20_1247
p1ulv17973,-79.85077828,36.1364726,uhs20_1247--udt9897,uhs20_1247
p1ulv17974,-79.8492417,36.13590792,uhs20_1247--udt9897,uhs20_1247
p1ulv17975,-79.8491192,36.13592477,uhs20_1247--udt9897,uhs20_1247
p1ulv17976,-79.84898546,36.13595053,uhs20_1247--udt9897,uhs20_1247
p1ulv17978,-79.85109712,36.13671006,uhs20_1247--udt9897,uhs20_1247
p1ulv17979,-79.85116393,36.13670168,uhs20_1247--udt9897,uhs20_1247
p1ulv17980,-79.85124171,36.13670243,uhs20_1247--udt9897,uhs20_1247
p1ulv17981,-79.85130852,36.13669405,uhs20_1247--udt9897,uhs20_1247
p1ulv17982,-79.850971,36.13621301,uhs20_1247--udt9897,uhs20_1247
p1ulv17984,-79.85092603,36.13624864,uhs20_1247--udt9897,uhs20_1247
p1ulv17985,-79.85088105,36.13628427,uhs20_1247--udt9897,uhs20_1247
p1ulv17986,-79.85083595,36.13632891,uhs20_1247--udt9897,uhs20_1247
p1ulv17987,-79.85101611,36.13616837,uhs20_1247--udt9897,uhs20_1247
p1ulv17988,-79.85119469,36.13611599,uhs20_1247--udt9897,uhs20_1247
p1ulv17989,-79.85126137,36.13611663,uhs20_1247--udt9897,uhs20_1247
p1ulv17990,-79.85132817,36.13610825,uhs20_1247--udt9897,uhs20_1247
p1ulv17991,-79.85138373,36.13610879,uhs20_1247--udt9897,uhs20_1247
p1ulv17993,-79.85145041,36.13610943,uhs20_1247--udt9897,uhs20_1247
p1ulv17994,-79.85036567,36.13199711,uhs20_1247--udt9897,uhs20_1247
p1ulv17996,-79.85037495,36.13212341,uhs20_1247--udt9897,uhs20_1247
p1ulv17998,-79.8504186,36.13217792,uhs20_1247--udt9897,uhs20_1247
p1ulv17999,-79.85042866,36.13225014,uhs20_1247--udt9897,uhs20_1247
p1ulv18000,-79.85034424,36.13194281,uhs20_1247--udt9897,uhs20_1247
p1ulv18001,-79.85031327,36.13178024,uhs20_1247--udt9897,uhs20_1247
p1ulv18002,-79.85068476,36.13221654,uhs20_1247--udt9897,uhs20_1247
p1ulv18003,-79.85077405,36.13219035,uhs20_1247--udt9897,uhs20_1247
p1ulv18004,-79.85061796,36.13222491,uhs20_1247--udt9897,uhs20_1247
p1ulv18006,-79.84957148,36.13235009,uhs20_1247--udt9897,uhs20_1247
p1ulv18007,-79.84958167,36.1324133,uhs20_1247--udt9897,uhs20_1247
p1ulv18008,-79.84970403,36.13240546,uhs20_1247--udt9897,uhs20_1247
p1ulv18009,-79.84969738,36.13236315,uhs20_1247--udt9897,uhs20_1247
p1ulv18010,-79.849974,36.13218267,uhs20_1247--udt9897,uhs20_1247
p1ulv18011,-79.84990615,36.13226315,uhs20_1247--udt9897,uhs20_1247
p1ulv18012,-79.84999452,36.13230006,uhs20_1247--udt9897,uhs20_1247
p1ulv18013,-79.85005113,36.13222849,uhs20_1247--udt9897,uhs20_1247
p1ulv18014,-79.84916232,36.13221093,uhs20_1247--udt9897,uhs20_1247
p1ulv18015,-79.84931591,36.13234764,uhs20_1247--udt9897,uhs20_1247
p1ulv18016,-79.84937213,36.1323031,uhs20_1247--udt9897,uhs20_1247
p1ulv18017,-79.84930638,36.13223936,uhs20_1247--udt9897,uhs20_1247
p1ulv18018,-79.84987808,36.13190228,uhs20_1247--udt9897,uhs20_1247
p1ulv18019,-79.84992891,36.13196304,uhs20_1247--udt9897,uhs20_1247
p1ulv18020,-79.85001076,36.13194863,uhs20_1247--udt9897,uhs20_1247
p1ulv18021,-79.84995625,36.13187598,uhs20_1247--udt9897,uhs20_1247
p1ulv18022,-79.84909986,36.13192185,uhs20_1247--udt9897,uhs20_1247
p1ulv18023,-79.84907632,36.13201177,uhs20_1247--udt9897,uhs20_1247
p1ulv18024,-79.84916496,36.13203065,uhs20_1247--udt9897,uhs20_1247
p1ulv18025,-79.84918849,36.13194073,uhs20_1247--udt9897,uhs20_1247
p1ulv18026,-79.84921453,36.13167954,uhs20_1247--udt9897,uhs20_1247
p1ulv18027,-79.84918002,36.13176034,uhs20_1247--udt9897,uhs20_1247
p1ulv18028,-79.84926865,36.13177923,uhs20_1247--udt9897,uhs20_1247
p1ulv18029,-79.84929205,36.13169831,uhs20_1247--udt9897,uhs20_1247
p1ulv18030,-79.84901716,36.13149734,uhs20_1247--udt9897,uhs20_1247
p1ulv18031,-79.8489829,36.13156012,uhs20_1247--udt9897,uhs20_1247
p1ulv18032,-79.84907127,36.13159703,uhs20_1247--udt9897,uhs20_1247
p1ulv18033,-79.84910552,36.13153425,uhs20_1247--udt9897,uhs20_1247
p1ulv18034,-79.84986019,36.1316046,uhs20_1247--udt9897,uhs20_1247
p1ulv18035,-79.84983665,36.13169453,uhs20_1247--udt9897,uhs20_1247
p1ulv18036,-79.84992882,36.13173431,uhs20_1247--udt9897,uhs20_1247
p1ulv18037,-79.84995236,36.13164438,uhs20_1247--udt9897,uhs20_1247
p1ulv18038,-79.84976256,36.13144139,uhs20_1247--udt9897,uhs20_1247
p1ulv18039,-79.84980595,36.13151393,uhs20_1247--udt9897,uhs20_1247
p1ulv18040,-79.84991772,36.13146993,uhs20_1247--udt9897,uhs20_1247
p1ulv18041,-79.84987433,36.13139739,uhs20_1247--udt9897,uhs20_1247
p1ulv18042,-79.85112171,36.1314753,uhs20_1247--udt9897,uhs20_1247
p1ulv18043,-79.85104013,36.13147169,uhs20_1247--udt9897,uhs20_1247
p1ulv18044,-79.85096208,36.13148897,uhs20_1247--udt9897,uhs20_1247
p1ulv18045,-79.85088417,36.13149724,uhs20_1247--udt9897,uhs20_1247
p1ulv18047,-79.85080613,36.13151452,uhs20_1247--udt9897,uhs20_1247
p1ulv18048,-79.85015436,36.13124682,uhs20_1247--udt9897,uhs20_1247
p1ulv18049,-79.85017553,36.13131915,uhs20_1247--udt9897,uhs20_1247
p1ulv18050,-79.85019709,36.13136443,uhs20_1247--udt9897,uhs20_1247
p1ulv18052,-79.85022938,36.13143686,uhs20_1247--udt9897,uhs20_1247
p1ulv18053,-79.8502827,36.13159063,uhs20_1247--udt9897,uhs20_1247
p1ulv18054,-79.8510304,36.13213872,uhs20_1247--udt9897,uhs20_1247
p1ulv18055,-79.85110845,36.13212144,uhs20_1247--udt9897,uhs20_1247
p1ulv18057,-79.85119747,36.13211327,uhs20_1247--udt9897,uhs20_1247
p1ulv18058,-79.85090805,36.13188228,uhs20_1247--udt9897,uhs20_1247
p1ulv18059,-79.85081132,36.13192025,uhs20_1247--udt9897,uhs20_1247
p1ulv18060,-79.85105644,36.13187753,uhs20_1247--udt9897,uhs20_1247
p1ulv18062,-79.85112324,36.13186915,uhs20_1247--udt9897,uhs20_1247
p1ulv18063,-79.8512124,36.13185198,uhs20_1247--udt9897,uhs20_1247
p1ulv18064,-79.85061282,36.13105289,uhs20_1247--udt9897,uhs20_1247
p1ulv18065,-79.85064445,36.13117039,uhs20_1247--udt9897,uhs20_1247
p1ulv18067,-79.85066588,36.13122469,uhs20_1247--udt9897,uhs20_1247
p1ulv18068,-79.85067594,36.1312969,uhs20_1247--udt9897,uhs20_1247
p1ulv18069,-79.85069371,36.13133932,uhs20_1247--udt9897,uhs20_1247
p1ulv18070,-79.85097674,36.1312457,uhs20_1247--udt9897,uhs20_1247
p1ulv18071,-79.8509868,36.13131792,uhs20_1247--udt9897,uhs20_1247
p1ulv18073,-79.85095557,36.13117337,uhs20_1247--udt9897,uhs20_1247
p1ulv18074,-79.85093427,36.13111006,uhs20_1247--udt9897,uhs20_1247
p1ulv18075,-79.85091349,36.1310107,uhs20_1247--udt9897,uhs20_1247
p1ulv18076,-79.85082532,36.13019848,uhs20_1247--udt9897,uhs20_1247
p1ulv18077,-79.85083564,36.13025267,uhs20_1247--udt9897,uhs20_1247
p1ulv18079,-79.8506376,36.13011555,uhs20_1247--udt9897,uhs20_1247
p1ulv18080,-79.85058152,36.13015107,uhs20_1247--udt9897,uhs20_1247
p1ulv18081,-79.85053668,36.13017768,uhs20_1247--udt9897,uhs20_1247
p1ulv18083,-79.85049158,36.13022233,uhs20_1247--udt9897,uhs20_1247
p1ulv18084,-79.8504355,36.13025785,uhs20_1247--udt9897,uhs20_1247
p1ulv18085,-79.85043471,36.13031193,uhs20_1247--udt9897,uhs20_1247
p1ulv18086,-79.8504785,36.13035743,uhs20_1247--udt9897,uhs20_1247
p1ulv18087,-79.85047771,36.13041151,uhs20_1247--udt9897,uhs20_1247
p1ulv18088,-79.85052503,36.13047791,uhs20_1247--udt9897,uhs20_1247
p1ulv18089,-79.85052071,36.13051109,uhs20_1247--udt9897,uhs20_1247
p1ulv18090,-79.85056449,36.13055659,uhs20_1247--udt9897,uhs20_1247
p1ulv18091,-79.85316694,36.13041926,uhs20_1247--udt9897,uhs20_1247
p1ulv18092,-79.85330694,36.13046285,uhs20_1247--udt9897,uhs20_1247
p1ulv18093,-79.85329779,36.1305918,uhs20_1247--udt9897,uhs20_1247
p1ulv18095,-79.853297,36.13064589,uhs20_1247--udt9897,uhs20_1247
p1ulv18096,-79.85329609,36.13070899,uhs20_1247--udt9897,uhs20_1247
p1ulv18097,-79.8514704,36.13626288,uhs20_1247--udt9897,uhs20_1247
p1ulv18098,-79.85146961,36.13631696,uhs20_1247--udt9897,uhs20_1247
p1ulv18206,-79.84882269,36.13465697,uhs20_1247--udt9897,uhs20_1247
p1ulv18300,-79.84857474,36.13439598,uhs20_1247--udt9897,uhs20_1247
p1ulv18315,-79.85205424,36.13433021,uhs20_1247--udt9897,uhs20_1247
p1ulv18403,-79.84734501,36.13716984,uhs20_1247--udt9897,uhs20_1247
p1ulv18453,-79.85596388,36.13219496,uhs20_1247--udt9897,uhs20_1247
p1ulv18501,-79.85229437,36.13691987,uhs20_1247--udt9897,uhs20_1247
p1ulv18526,-79.8478228,36.13641716,uhs20_1247--udt9897,uhs20_1247
p1ulv18572,-79.8532321,36.13205164,uhs20_1247--udt9897,uhs20_1247
p1ulv18708,-79.85606442,36.13062728,uhs20_1247--udt9897,uhs20_1247
p1ulv18723,-79.85815465,36.1274919,uhs20_1247--udt9897,uhs20_1247
p1ulv18831,-79.85482832,36.13003849,uhs20_1247--udt9897,uhs20_1247
p1ulv18876,-79.84917368,36.13371658,uhs20_1247--udt9897,uhs20_1247
p1ulv18926,-79.86056783,36.1358269,uhs20_1247--udt9897,uhs20_1247
p1ulv18975,-79.85126002,36.13315964,uhs20_1247--udt9897,uhs20_1247
p1ulv19709,-79.84947567,36.13484354,uhs20_1247--udt9897,uhs20_1247
p1ulv19820,-79.85747033,36.12640355,uhs20_1247--udt9897,uhs20_1247
p1ulv19832,-79.861571,36.12562221,uhs20_1247--udt9897,uhs20_1247
p1ulv19850,-79.85206795,36.13262647,uhs20_1247--udt9897,uhs20_1247
p1ulv19919,-79.84836788,36.13714362,uhs20_1247--udt9897,uhs20_1247
p1ulv20095,-79.85262966,36.13068457,uhs20_1247--udt9897,uhs20_1247
p1ulv20164,-79.85803696,36.12487637,uhs20_1247--udt9897,uhs20_1247
p1ulv20195,-79.85575461,36.13053416,uhs20_1247--udt9897,uhs20_1247
p1ulv20241,-79.85042512,36.13401708,uhs20_1247--udt9897,uhs20_1247
p1ulv20267,-79.8628031,36.12879826,uhs20_1247--udt9897,uhs20_1247
p1ulv20331,-79.85746092,36.12705256,uhs20_1247--udt9897,uhs20_1247
p1ulv20360,-79.852564,36.13366797,uhs20_1247--udt9897,uhs20_1247
p1ulv20625,-79.86174361,36.12675076,uhs20_1247--udt9897,uhs20_1247
p1ulv20734,-79.85277428,36.12991065,uhs20_1247--udt9897,uhs20_1247
p1ulv21424,-79.85292837,36.13280317,uhs20_1247--udt9897,uhs20_1247
p1ulv21819,-79.85262516,36.13404719,uhs20_1247--udt9897,uhs20_1247
p1ulv21910,-79.84824533,36.13640319,uhs20_1247--udt9897,uhs20_1247
p1ulv22009,-79.85396503,36.13667443,uhs20_1247--udt9897,uhs20_1247
p1ulv22093,-79.8611644,36.12915231,uhs20_1247--udt9897,uhs20_1247
p1ulv22108,-79.8616948,36.12707864,uhs20_1247--udt9897,uhs20_1247
p1ulv22130,-79.84916154,36.13606942,uhs20_1247--udt9897,uhs20_1247
p1ulv22223,-79.85123617,36.13048473,uhs20_1247--udt9897,uhs20_1247
p1ulv22331,-79.84910818,36.1298304,uhs20_1247--udt9897,uhs20_1247
p1ulv22398,-79.86261954,36.12842689,uhs20_1247--udt9897,uhs20_1247
p1ulv22422,-79.85986695,36.13510803,uhs20_1247--udt9897,uhs20_1247
p1ulv23271,-79.84836779,36.13790991,uhs20_1247--udt9897,uhs20_1247
p1ulv23303,-79.85217268,36.13432851,uhs20_1247--udt9897,uhs20_1247
p1ulv23387,-79.84754312,36.13779997,uhs20_1247--udt9897,uhs20_1247
p1ulv23434,-79.85162518,36.13250503,uhs20_1247--udt9897,uhs20_1247
p1ulv23578,-79.84921703,36.13683625,uhs20_1247--udt9897,uhs20_1247
p1ulv23668,-79.85384409,36.13047082,uhs20_1247--udt9897,uhs20_1247
p1ulv23781,-79.8501773,36.13043567,uhs20_1247--udt9897,uhs20_1247
p1ulv23833,-79.85116061,36.1338799,uhs20_1247--udt9897,uhs20_1247
p1ulv23862,-79.85962658,36.1286779,uhs20_1247--udt9897,uhs20_1247
p1ulv23953,-79.85178498,36.13374164,uhs20_1247--udt9897,uhs20_1247
p1ulv24006,-79.86048271,36.13556465,uhs20_1247--udt9897,uhs20_1247
p1ulv24055,-79.85869982,36.12564615,uhs20_1247--udt9897,uhs20_1247
p1ulv24558,-79.85888999,36.13503561,uhs20_1247--udt9897,uhs20_1247
p1ulv24697,-79.85268863,36.1327406,uhs20_1247--udt9897,uhs20_1247
p1ulv24806,-79.85541233,36.13267651,uhs20_1247--udt9897,uhs20_1247
p1ulv24854,-79.84907868,36.13717749,uhs20_1247--udt9897,uhs20_1247
p1ulv24946,-79.85605004,36.13085252,uhs20_1247--udt9897,uhs20_1247
p1ulv25083,-79.85152665,36.13392848,uhs20_1247--udt9897,uhs20_1247
p1ulv25165,-79.84763139,36.13658661,uhs20_1247--udt9897,uhs20_1247
p1ulv25184,-79.85200275,36.13405025,uhs20_1247--udt9897,uhs20_1247
p1ulv25323,-79.85178626,36.13212794,uhs20_1247--udt9897,uhs20_1247
p1ulv25366,-79.85306781,36.1364675,uhs20_1247--udt9897,uhs20_1247
p1ulv25490,-79.85399355,36.13624197,uhs20_1247--udt9897,uhs20_1247
p1ulv25583,-79.85245388,36.13004564,uhs20_1247--udt9897,uhs20_1247
p1ulv25678,-79.85007881,36.12956927,uhs20_1247--udt9897,uhs20_1247
p1ulv25976,-79.85576182,36.12927211,uhs20_1247--udt9897,uhs20_1247
p1ulv29267,-79.85951438,36.13566361,uhs20_1247--udt9897,uhs20_1247
p1ulv30782,-79.85671896,36.13147194,uhs20_1247--udt9897,uhs20_1247
p1ulv30798,-79.85125575,36.12887738,uhs20_1247--udt9897,uhs20_1247
p1ulv30830,-79.85346007,36.13596591,uhs20_1247--udt9897,uhs20_1247
p1ulv30913,-79.85095937,36.1293884,uhs20_1247--udt9897,uhs20_1247
p1ulv31009,-79.84961661,36.12925832,uhs20_1247--udt9897,uhs20_1247
p1ulv31053,-79.85009327,36.13314844,uhs20_1247--udt9897,uhs20_1247
p1ulv32418,-79.85071387,36.12945817,uhs20_1247--udt9897,uhs20_1247
p1ulv32433,-79.85814352,36.1267255,uhs20_1247--udt9897,uhs20_1247
p1ulv32640,-79.84732494,36.13246372,uhs20_1247--udt9897,uhs20_1247
p1ulv32711,-79.85174688,36.12872883,uhs20_1247--udt9897,uhs20_1247
p1ulv32722,-79.86211392,36.12650185,uhs20_1247--udt9897,uhs20_1247
p1ulv32741,-79.85354191,36.1352009,uhs20_1247--udt9897,uhs20_1247
p1ulv34015,-79.84887853,36.13338018,uhs20_1247--udt9897,uhs20_1247
p1ulv34099,-79.8478395,36.13451512,uhs20_1247--udt9897,uhs20_1247
p1ulv34159,-79.85096568,36.12895573,uhs20_1247--udt9897,uhs20_1247
p1ulv34191,-79.8591656,36.13595779,uhs20_1247--udt9897,uhs20_1247
p1ulv34285,-79.85229284,36.13551163,uhs20_1247--udt9897,uhs20_1247
p1ulv34373,-79.85169665,36.12912502,uhs20_1247--udt9897,uhs20_1247
p1ulv34390,-79.85828966,36.1266097,uhs20_1247--udt9897,uhs20_1247
p1ulv35630,-79.84662499,36.13472881,uhs20_1247--udt9897,uhs20_1247
p1ulv35722,-79.84955337,36.13587485,uhs20_1247--udt9897,uhs20_1247
p1ulv35809,-79.85417838,36.12964462,uhs20_1247--udt9897,uhs20_1247
p1ulv35895,-79.85128252,36.1293284,uhs20_1247--udt9897,uhs20_1247
p1ulv35911,-79.85760209,36.12651299,uhs20_1247--udt9897,uhs20_1247
p1ulv35939,-79.8522491,36.1331601,uhs20_1247--udt9897,uhs20_1247
p1ulv37433,-79.8586403,36.13539384,uhs20_1247--udt9897,uhs20_1247
udt7879-udt7881x,-79.85718379,36.12929476,uhs20_1247--udt9897,uhs20_1247
udt10816-udt6980x,-79.85584791,36.12961549,uhs20_1247--udt9897,uhs20_1247
udt5419-udt7597x,-79.84953697,36.12946835,uhs20_1247--udt9897,uhs20_1247
udt5419-udt7597xx,-79.84924688,36.1294943,uhs20_1247--udt9897,uhs20_1247
udt5419-udt7042xx,-79.85021238,36.12926455,uhs20_1247--udt9897,uhs20_1247
udt5419-udt7042x,-79.84959593,36.12940697,uhs20_1247--udt9897,uhs20_1247
udt5420-udt7042x,-79.85064394,36.12917362,uhs20_1247--udt9897,uhs20_1247
udt5420-udt7042xx,-79.85024875,36.12933657,uhs20_1247--udt9897,uhs20_1247
udt13124-udt5420x,-79.85089233,36.12915526,uhs20_1247--udt9897,uhs20_1247
udt13124-udt5420xx,-79.85058499,36.12923501,uhs20_1247--udt9897,uhs20_1247
udt13107-udt13124x,-79.85141321,36.12904953,uhs20_1247--udt9897,uhs20_1247
udt13107-udt13124xx,-79.85083115,36.12921518,uhs20_1247--udt9897,uhs20_1247
udt13107-udt14097xx,-79.85159898,36.1289948,uhs20_1247--udt9897,uhs20_1247
udt13107-udt14097x,-79.85147216,36.12898815,uhs20_1247--udt9897,uhs20_1247
udt5421-udt6972xx,-79.8522651,36.13115441,uhs20_1247--udt9897,uhs20_1247
udt5421-udt6972xxx,-79.85225392,36.1311125,uhs20_1247--udt9897,uhs20_1247
udt1641-udt1644xx,-79.84841683,36.13341625,uhs20_1247--udt9897,uhs20_1247
udt1641-udt1644xxx,-79.84842073,36.13337377,uhs20_1247--udt9897,uhs20_1247
udt5426-udt8661xx,-79.85132764,36.13617606,uhs20_1247--udt9897,uhs20_1247
udt5426-udt8661xxx,-79.85129015,36.13614521,uhs20_1247--udt9897,uhs20_1247
udt7433-udt8948x,-79.86020048,36.13602183,uhs20_1247--udt9897,uhs20_1247
udt10578-udt7353x,-79.8589217,36.13485612,uhs20_1247--udt9897,uhs20_1247
udt10578-udt14836x,-79.85886275,36.13491751,uhs20_1247--udt9897,uhs20_1247
udt10334-udt10669xx,-79.8517881,36.13393369,uhs20_1247--udt9897,uhs20_1247
udt10334-udt10669x,-79.8516254,36.13404141,uhs20_1247--udt9897,uhs20_1247
udt8650-udt8652x,-79.85058505,36.13201516,uhs20_1247--udt9897,uhs20_1247
udt8650-udt8652xx,-79.8509323,36.13203339,uhs20_1247--udt9897,uhs20_1247
udt8650-udt8653x,-79.85054375,36.13208148,uhs20_1247--udt9897,uhs20_1247
udt8650-udt8653xx,-79.85049513,36.13210018,uhs20_1247--udt9897,uhs20_1247
udt8649-udt8650x,-79.85049105,36.13196155,uhs20_1247--udt9897,uhs20_1247
udt8649-udt8650xx,-79.85063199,36.13210063,uhs20_1247--udt9897,uhs20_1247
udt8649-udt8655xx,-79.85021229,36.13166007,uhs20_1247--udt9897,uhs20_1247
udt8649-udt8655x,-79.85055224,36.13190163,uhs20_1247--udt9897,uhs20_1247
udt8651-udt8655x,-79.85016826,36.13152694,uhs20_1247--udt9897,uhs20_1247
udt8651-udt8655xx,-79.85027347,36.13160015,uhs20_1247--udt9897,uhs20_1247
udt7272-udt8651x,-79.85007835,36.13127312,uhs20_1247--udt9897,uhs20_1247
udt7272-udt8651xx,-79.85010931,36.13158832,uhs20_1247--udt9897,uhs20_1247
udt6406-udt7272x,-79.84979261,36.13105401,uhs20_1247--udt9897,uhs20_1247
udt8654-udt8656x,-79.84901133,36.13119971,uhs20_1247--udt9897,uhs20_1247
udt13617-udt8654x,-79.84892174,36.13116512,uhs20_1247--udt9897,uhs20_1247
udt8657-udt8658xx,-79.85074924,36.1311437,uhs20_1247--udt9897,uhs20_1247
udt8657-udt8658x,-79.85091041,36.13137126,uhs20_1247--udt9897,uhs20_1247
udt8658-udt8659xx,-79.85058654,36.13042083,uhs20_1247--udt9897,uhs20_1247
udt8658-udt8659x,-79.8508082,36.13108232,uhs20_1247--udt9897,uhs20_1247
udt7864-udt7865x,-79.85446523,36.13139521,uhs20_1247--udt9897,uhs20_1247
udt7864-udt7865xx,-79.85486287,36.13139242,uhs20_1247--udt9897,uhs20_1247
udt7863-udt7864xx,-79.85412622,36.13133738,uhs20_1247--udt9897,uhs20_1247
udt7863-udt7864xxx,-79.85449899,36.13146806,uhs20_1247--udt9897,uhs20_1247
udt6502-udt7341xx,-79.85787182,36.12718682,uhs20_1247--udt9897,uhs20_1247
udt6502-udt7341x,-79.85736429,36.12684943,uhs20_1247--udt9897,uhs20_1247
udt10385-udt7884x,-79.85829301,36.1266812,uhs20_1247--udt9897,uhs20_1247
udt13634-udt9283x,-79.86146733,36.12590584,uhs20_1247--udt9897,uhs20_1247
udt9502-udt9902x,-79.86110816,36.12627602,uhs20_1247--udt9897,uhs20_1247
udt10341-udt8393x,-79.85949937,36.1290993,uhs20_1247--udt9897,uhs20_1247
udt10341-udt8393xx,-79.85849112,36.12880237,uhs20_1247--udt9897,uhs20_1247
udt10341-udt9897xx,-79.86109293,36.12943781,uhs20_1247--udt9897,uhs20_1247
udt10341-udt9897x,-79.85953314,36.12917215,uhs20_1247--udt9897,uhs20_1247
udt10230-udt7890x,-79.84836657,36.13807106,uhs20_1247--udt9897,uhs20_1247
udt10230-udt7890xx,-79.8486675,36.13808406,uhs20_1247--udt9897,uhs20_1247
udt10230-udt8753xx,-79.84715469,36.13756402,uhs20_1247--udt9897,uhs20_1247
udt10230-udt8753x,-79.84846152,36.13808399,uhs20_1247--udt9897,uhs20_1247
udt2846-udt8753x,-79.84667639,36.13572768,uhs20_1247--udt9897,uhs20_1247
udt2846-udt8753xx,-79.84721366,36.13750264,uhs20_1247--udt9897,uhs20_1247
udt2845-udt2846x,-79.84654018,36.13523798,uhs20_1247--udt9897,uhs20_1247
udt2845-udt2846xx,-79.84672302,36.1356426,uhs20_1247--udt9897,uhs20_1247
udt1634-udt1640xx,-79.84789346,36.13433584,uhs20_1247--udt9897,uhs20_1247
udt1634-udt1640x,-79.84761043,36.13436865,uhs20_1247--udt9897,uhs20_1247
udt1640-udt8717xx,-79.84851983,36.13452997,uhs20_1247--udt9897,uhs20_1247
udt1640-udt8717x,-79.84792983,36.13440786,uhs20_1247--udt9897,uhs20_1247
udt1636-udt8717x,-79.84868373,36.13453231,uhs20_1247--udt9897,uhs20_1247
udt1636-udt8717xx,-79.84858101,36.13447005,uhs20_1247--udt9897,uhs20_1247
udt1636-udt8689xx,-79.84889162,36.1345091,uhs20_1247--udt9897,uhs20_1247
udt1636-udt8689x,-79.84864736,36.13446029,uhs20_1247--udt9897,uhs20_1247
udt7052-udt8689x,-79.84915109,36.13449173,uhs20_1247--udt9897,uhs20_1247
udt7052-udt8689xx,-79.84879667,36.13449617,uhs20_1247--udt9897,uhs20_1247
udt5425-udt7052x,-79.84942306,36.13432229,uhs20_1247--udt9897,uhs20_1247
udt5425-udt7052xx,-79.84905576,36.13448109,uhs20_1247--udt9897,uhs20_1247
udt5424-udt5425x,-79.84983194,36.1340119,uhs20_1247--udt9897,uhs20_1247
udt5424-udt5425xx,-79.84948424,36.13426237,uhs20_1247--udt9897,uhs20_1247
udt5424-udt9405xx,-79.85020193,36.13379007,uhs20_1247--udt9897,uhs20_1247
udt5424-udt9405x,-79.84977299,36.13407328,uhs20_1247--udt9897,uhs20_1247
udt7409-udt9405x,-79.85015487,36.13379748,uhs20_1247--udt9897,uhs20_1247
udt7409-udt9405xx,-79.8502383,36.13386209,uhs20_1247--udt9897,uhs20_1247
udt6526-udt7409x,-79.85015359,36.13366178,uhs20_1247--udt9897,uhs20_1247
udt6526-udt7409xx,-79.85021383,36.13373609,uhs20_1247--udt9897,uhs20_1247
udt6526-udt8363xx,-79.85022632,36.1331881,uhs20_1247--udt9897,uhs20_1247
udt6526-udt8363x,-79.85024854,36.13367471,uhs20_1247--udt9897,uhs20_1247
udt7135-udt8363x,-79.85109977,36.13289596,uhs20_1247--udt9897,uhs20_1247
udt7135-udt8363xx,-79.8501509,36.13321168,uhs20_1247--udt9897,uhs20_1247
udt5811-udt7135x,-79.85162108,36.13280481,uhs20_1247--udt9897,uhs20_1247
udt5811-udt7135xx,-79.85116096,36.13283604,uhs20_1247--udt9897,uhs20_1247
udt10260-udt5811x,-79.85184596,36.13259736,uhs20_1247--udt9897,uhs20_1247
udt10260-udt5811xx,-79.85157446,36.13288989,uhs20_1247--udt9897,uhs20_1247
udt10260-udt10709xx,-79.85175677,36.13212026,uhs20_1247--udt9897,uhs20_1247
udt10260-udt10709x,-79.85180958,36.13252534,uhs20_1247--udt9897,uhs20_1247
udt10709-udt7538xx,-79.85157342,36.13178267,uhs20_1247--udt9897,uhs20_1247
udt10709-udt7538x,-79.85173892,36.13218445,uhs20_1247--udt9897,uhs20_1247
udt7538-udt7998xx,-79.85181779,36.1314792,uhs20_1247--udt9897,uhs20_1247
udt7538-udt7998x,-79.85163237,36.13172129,uhs20_1247--udt9897,uhs20_1247
udt5421-udt7998x,-79.85224279,36.13126476,uhs20_1247--udt9897,uhs20_1247
udt5421-udt7998xx,-79.85178142,36.13140718,uhs20_1247--udt9897,uhs20_1247
udt5421-udt9365xx,-79.85223246,36.1307883,uhs20_1247--udt9897,uhs20_1247
udt5421-udt9365x,-79.85230922,36.13128534,uhs20_1247--udt9897,uhs20_1247
udt8046-udt9365x,-79.85220791,36.13067666,uhs20_1247--udt9897,uhs20_1247
udt8046-udt9365xx,-79.85232779,36.13079894,uhs20_1247--udt9897,uhs20_1247
udt14491-udt9540x,-79.85404109,36.12990481,uhs20_1247--udt9897,uhs20_1247
udt7880-udt7881x,-79.85714741,36.12922274,uhs20_1247--udt9897,uhs20_1247
udt7877-udt7881x,-79.85786912,36.12894061,uhs20_1247--udt9897,uhs20_1247
udt4009-udt9897xx,-79.86116905,36.12941408,uhs20_1247--udt9897,uhs20_1247
udt4009-udt9897x,-79.86262685,36.12872059,uhs20_1247--udt9897,uhs20_1247
udt14491-udt8395x,-79.85394576,36.12989417,uhs20_1247--udt9897,uhs20_1247
udt6595-udt9831xx,-79.85230615,36.13389879,uhs20_1247--udt9897,uhs20_1247
udt6595-udt9831x,-79.85217383,36.13405124,uhs20_1247--udt9897,uhs20_1247
udt14506-udt9831x,-79.85270296,36.13327269,uhs20_1247--udt9897,uhs20_1247
udt14506-udt9831xx,-79.85233992,36.13397164,uhs20_1247--udt9897,uhs20_1247
udt14506-udt9726xx,-79.85286238,36.13276219,uhs20_1247--udt9897,uhs20_1247
udt14506-udt9726x,-79.85260763,36.13326206,uhs20_1247--udt9897,uhs20_1247
udt6227-udt9726x,-79.85233619,36.1325119,uhs20_1247--udt9897,uhs20_1247
udt6227-udt9726xx,-79.85280119,36.13282211,uhs20_1247--udt9897,uhs20_1247
udt6227-udt9290xx,-79.85206113,36.13240894,uhs20_1247--udt9897,uhs20_1247
udt6227-udt9290x,-79.85229981,36.13243988,uhs20_1247--udt9897,uhs20_1247
udt10709-udt9290x,-79.85165999,36.13217031,uhs20_1247--udt9897,uhs20_1247
udt10709-udt9290xx,-79.8520949,36.13248178,uhs20_1247--udt9897,uhs20_1247
udt1641-udt8927xx,-79.84922829,36.13349223,uhs20_1247--udt9897,uhs20_1247
udt1641-udt8927x,-79.84837088,36.13353074,uhs20_1247--udt9897,uhs20_1247
udt5423-udt8927x,-79.84932803,36.13351122,uhs20_1247--udt9897,uhs20_1247
udt5423-udt8927xx,-79.84926466,36.13356425,uhs20_1247--udt9897,uhs20_1247
udt5423-udt8363xx,-79.85025582,36.13324945,uhs20_1247--udt9897,uhs20_1247
udt5423-udt8363x,-79.8493644,36.13358324,uhs20_1247--udt9897,uhs20_1247
udt1635-udt6349x,-79.84909459,36.13607785,uhs20_1247--udt9897,uhs20_1247
udt1635-udt6349xx,-79.84923885,36.13601513,uhs20_1247--udt9897,uhs20_1247
udt1635-udt1637xx,-79.84873049,36.13640975,uhs20_1247--udt9897,uhs20_1247
udt1635-udt1637x,-79.84899926,36.13606722,uhs20_1247--udt9897,uhs20_1247
udt1633-udt1637x,-79.84821013,36.13652011,uhs20_1247--udt9897,uhs20_1247
udt1633-udt1637xx,-79.84863554,36.13639683,uhs20_1247--udt9897,uhs20_1247
udt1633-udt1642xx,-79.84777332,36.13647128,uhs20_1247--udt9897,uhs20_1247
udt1633-udt1642x,-79.8481148,36.13650947,uhs20_1247--udt9897,uhs20_1247
udt1642-udt1643xx,-79.84735356,36.13629596,uhs20_1247--udt9897,uhs20_1247
udt1642-udt1643x,-79.8478097,36.1365433,uhs20_1247--udt9897,uhs20_1247
udt1643-udt2846xx,-79.84675252,36.13570396,uhs20_1247--udt9897,uhs20_1247
udt1643-udt2846x,-79.84738993,36.13636798,uhs20_1247--udt9897,uhs20_1247
udt5426-udt6432x,-79.85146675,36.13625274,uhs20_1247--udt9897,uhs20_1247
udt5426-udt6432xx,-79.85152125,36.13625961,uhs20_1247--udt9897,uhs20_1247
udt14083-udt5426xx,-79.85143701,36.13620127,uhs20_1247--udt9897,uhs20_1247
udt14083-udt5426x,-79.85244767,36.13550962,uhs20_1247--udt9897,uhs20_1247
udt5426-udt7860xx,-79.85116698,36.13623482,uhs20_1247--udt9897,uhs20_1247
udt5426-udt7860x,-79.85140502,36.13629075,uhs20_1247--udt9897,uhs20_1247
udt7860-udt8310xx,-79.85089173,36.13639145,uhs20_1247--udt9897,uhs20_1247
udt7860-udt8310x,-79.85107203,36.13622189,uhs20_1247--udt9897,uhs20_1247
udt8310-udt8648xx,-79.85086255,36.13650097,uhs20_1247--udt9897,uhs20_1247
udt8310-udt8648x,-79.85098668,36.13640438,uhs20_1247--udt9897,uhs20_1247
udt8647-udt8648x,-79.85065195,36.1367419,uhs20_1247--udt9897,uhs20_1247
udt8647-udt8648xx,-79.85089892,36.13657299,uhs20_1247--udt9897,uhs20_1247
udt8199-udt8647x,-79.85039934,36.13684695,uhs20_1247--udt9897,uhs20_1247
udt8199-udt8647xx,-79.85061558,36.13666988,uhs20_1247--udt9897,uhs20_1247
udt8199-udt8646xx,-79.85046357,36.13686635,uhs20_1247--udt9897,uhs20_1247
udt8199-udt8646x,-79.8504583,36.13678557,uhs20_1247--udt9897,uhs20_1247
udt6997-udt7558x,-79.85615255,36.13619048,uhs20_1247--udt9897,uhs20_1247
udt10738-udt14069x,-79.85407819,36.13683714,uhs20_1247--udt9897,uhs20_1247
udt10738-udt14069xx,-79.85924308,36.1361298,uhs20_1247--udt9897,uhs20_1247
udt10738-udt9876xx,-79.8540202,36.1368816,uhs20_1247--udt9897,uhs20_1247
udt10738-udt9876x,-79.85417352,36.13684777,uhs20_1247--udt9897,uhs20_1247
udt10720-udt9876x,-79.85311942,36.13694539,uhs20_1247--udt9897,uhs20_1247
udt10720-udt9876xx,-79.85408138,36.13682168,uhs20_1247--udt9897,uhs20_1247
udt10720-udt13113x,-79.85322434,36.13698316,uhs20_1247--udt9897,uhs20_1247
udt10720-udt13113xx,-79.85345619,36.13584026,uhs20_1247--udt9897,uhs20_1247
udt10720-udt8798xx,-79.85226958,36.13712176,uhs20_1247--udt9897,uhs20_1247
udt10720-udt8798x,-79.85319483,36.1369218,uhs20_1247--udt9897,uhs20_1247
udt10281-udt9310x,-79.8491502,36.13699798,uhs20_1247--udt9897,uhs20_1247
udt10281-udt9310xx,-79.84830512,36.13690474,uhs20_1247--udt9897,uhs20_1247
udt10363-udt10669x,-79.85170296,36.13374137,uhs20_1247--udt9897,uhs20_1247
udt10363-udt10669xx,-79.85166674,36.13389344,uhs20_1247--udt9897,uhs20_1247
udt10363-udt5422xx,-79.8515261,36.13350412,uhs20_1247--udt9897,uhs20_1247
udt10363-udt5422x,-79.85173933,36.13381338,uhs20_1247--udt9897,uhs20_1247
udt5422-udt8962xx,-79.85139723,36.13319636,uhs20_1247--udt9897,uhs20_1247
udt5422-udt8962x,-79.85162143,36.13351475,uhs20_1247--udt9897,uhs20_1247
udt5811-udt8962x,-79.85154567,36.1328284,uhs20_1247--udt9897,uhs20_1247
udt5811-udt8962xx,-79.85149256,36.133207,uhs20_1247--udt9897,uhs20_1247
udt10325-udt8659xx,-79.85065091,36.13030891,uhs20_1247--udt9897,uhs20_1247
udt10325-udt8659x,-79.85064473,36.13026586,uhs20_1247--udt9897,uhs20_1247
udt7861-udt8820x,-79.85367746,36.13198384,uhs20_1247--udt9897,uhs20_1247
udt7861-udt8820xx,-79.85342029,36.13200968,uhs20_1247--udt9897,uhs20_1247
udt7861-udt7862xx,-79.85388138,36.13181145,uhs20_1247--udt9897,uhs20_1247
udt7861-udt7862x,-79.85358214,36.1319732,uhs20_1247--udt9897,uhs20_1247
udt7862-udt7863xx,-79.85400311,36.13137387,uhs20_1247--udt9897,uhs20_1247
udt7862-udt7863x,-79.85397671,36.13182208,uhs20_1247--udt9897,uhs20_1247
udt7863-udt7866xx,-79.8535914,36.13077682,uhs20_1247--udt9897,uhs20_1247
udt7863-udt7866x,-79.85395899,36.13132408,uhs20_1247--udt9897,uhs20_1247
udt7866-udt8660xx,-79.85356101,36.13054074,uhs20_1247--udt9897,uhs20_1247
udt7866-udt8660x,-79.85353022,36.13083674,uhs20_1247--udt9897,uhs20_1247
udt10303-udt8660x,-79.85352314,36.13040978,uhs20_1247--udt9897,uhs20_1247
udt10303-udt8660xx,-79.85359739,36.13061276,uhs20_1247--udt9897,uhs20_1247
udt13103-udt7200x,-79.85755899,36.13117354,uhs20_1247--udt9897,uhs20_1247
udt7341-udt8878x,-79.85772681,36.12716691,uhs20_1247--udt9897,uhs20_1247
udt7341-udt8878xx,-79.85769259,36.12713263,uhs20_1247--udt9897,uhs20_1247
udt7341-udt7884xx,-79.85838834,36.12669184,uhs20_1247--udt9897,uhs20_1247
udt7341-udt7884x,-79.85771765,36.12723854,uhs20_1247--udt9897,uhs20_1247
udt7883-udt8393x,-79.8583958,36.12879174,uhs20_1247--udt9897,uhs20_1247
udt4007-udt9897x,-79.86305393,36.13054041,uhs20_1247--udt9897,uhs20_1247
udt4007-udt9897xx,-79.86113955,36.12935273,uhs20_1247--udt9897,uhs20_1247
udt1638-udt1639x,-79.84654557,36.13107302,uhs20_1247--udt9897,uhs20_1247
udt10669-udt6595xx,-79.85223279,36.13398985,uhs20_1247--udt9897,uhs20_1247
udt10669-udt6595x,-79.85167174,36.1339872,uhs20_1247--udt9897,uhs20_1247
udt13107-udt14097xxx,-79.85165114,36.12899509,uhs20_1247--udt9897,uhs20_1247
udt5421-udt6972x,-79.85228009,36.13119633,uhs20_1247--udt9897,uhs20_1247
udt1641-udt1644x,-79.84841795,36.1334593,uhs20_1247--udt9897,uhs20_1247
udt5426-udt8661x,-79.85136504,36.13620894,uhs20_1247--udt9897,uhs20_1247
udt10334-udt10669xxx,-79.85173474,36.13393835,uhs20_1247--udt9897,uhs20_1247
udt8658-udt8659xxx,-79.85061967,36.13038675,uhs20_1247--udt9897,uhs20_1247
udt7863-udt7864x,-79.85407312,36.13133104,uhs20_1247--udt9897,uhs20_1247
udt6502-udt7341xxx,-79.8578175,36.12719204,uhs20_1247--udt9897,uhs20_1247
udt9897-uhs20_1247x,-79.86640308,36.12532628,uhs20_1247--udt9897,uhs20_1247
udt9897-uhs20_1247x_b1_1,-79.86934624,36.12658259,uhs20_1247--udt9897,uhs20_1247
udt9897-uhs20_1247x_b2_1,-79.86912251,36.12654088,uhs20_1247--udt9897,uhs20_1247
udt6997-udt7558x_b1_1,-79.85699164,36.13642388,uhs20_1247--udt9897,uhs20_1247
udt6997-udt7558x_b2_1,-79.85709179,36.13641582,uhs20_1247--udt9897,uhs20_1247
